:020000040800F2
:10000000A04900246D030008116B0008475F000839
:100010008D6A0008EB050008BD80000800000000A4
:100020000000000000000000000000006F6F0008EA
:10003000DB0F000800000000416B00082D72000873
:100040008B0300088B0300088B0300088B03000858
:100050008B0300088B0300088B0300088B03000848
:100060008B0300088B0300088B030008D1070008EE
:10007000DD070008E9070008F50700088B03000802
:100080008B0300088B0300088B030008FD0F00089A
:100090001510000809100008211000088B03000843
:1000A0008B0300088B0300088B0300088B030008F8
:1000B0008B030008AD7300088B0300088B03000856
:1000C0008B0300088B0300088B0300088B030008D8
:1000D0008D6E00083D8000088B0300088B0300082C
:1000E0008B0300088B030008000000008B0300084E
:1000F0008B0300088B0300088B0300088B030008A8
:100100008B0300088B0300088B0300088B03000897
:100110008B0300088B0300088B0300088B03000887
:100120008B0300088B0300088B0300088B03000877
:100130008B0300088B0300088B0300088B03000867
:1001400000000000000000000000000000000000AF
:100150008B0300088B0300088B0300088B03000847
:100160008B0300088B0300088B0300088B03000837
:100170008B0300088B0300088B03000800000000BD
:100180008B0300088B0300088B0300088B03000817
:100190008B0300088B0300088B0300088B03000807
:1001A0008B0300088B0300088B030008000000008D
:1001B0008B0300088B0300088B0300088B030008E7
:1001C0008B0300088B030008000000000000000003
:1001D00000000000000000008B0300080000000089
:1001E000000000000000000000000000000000000F
:1001F00000000000000000008B0300088B030008D3
:100200008B0300088B030008000000008B0300082C
:100210008B0300088B0300088B0300088B03000886
:100220008B030008000000008B03000800000000A2
:100230008B0300088B030008000000008B030008FC
:100240008B0300088B0300088B0300088B03000856
:100250008B0300088B0300088B0300088B03000846
:100260008B0300088B0300088B0300088B03000836
:100270008B0300088B0300088B03000800000000BC
:100280008B0300088B0300088B0300088B03000816
:10029000000000008B0300088B0300080000000032
:1002A000000000008B0300088B0300088B0300088C
:1002B0008B0300088B0300088B0300088B030008E6
:1002C0008B0300088B0300088B03000800F002F882
:1002D00000F03CF80AA090E8000C82448344AAF1A4
:1002E0000107DA4501D100F031F8AFF2090EBAE8A2
:1002F0000F0013F0010F18BFFB1A43F0010318475A
:100300005C9300007C930000103A24BF78C878C149
:10031000FAD8520724BF30C830C144BF04680C600B
:10032000704700000023002400250026103A28BF53
:1003300078C1FBD8520728BF30C148BF0B60704757
:100340001FB509F00DF81FBD10B510BD00F018F96C
:100350001146FFF7F5FF08F055FF00F036F903B43A
:10036000FFF7F2FF03BC00F039F900000A488047AC
:100370000A4880470A480047FEE7FEE7FEE7FEE737
:10038000FEE7FEE7FEE7FEE7FEE7FEE70548064973
:10039000064A074B70470000E10F0008D5720008BD
:1003A000CD020008A0070024A0490024A0090024D1
:1003B000A009002453EA020C00F069802DE9F04BFB
:1003C0004FF00006002B1FBFB3FA83F503FA05F4C4
:1003D00024FA05F65E4012BF1643B2FA82F502FA1D
:1003E00005F4C5F120051EBF22FA05FC44EA0C0401
:1003F000203556EA044C4FEA144418BF641C4FF0F1
:1004000000084FF00009904271EB030C39D300292A
:1004100019BFB1FA81F701FA07F6B0FA80F700FACE
:1004200007F6C7F120071EBF20FA07FC46EA0C06B4
:100430002037B6FBF4FCA7EB0507103F07F01F0BB6
:10044000CBF120060CFA0BFB2CFA06F644BFB346A0
:100450000026202FA4BF5E464FF0000B5BEA060C7F
:1004600008BF4FF0010B19EB0B09ABFB027C48EB0B
:100470000608C01B06FB02CC0BFB03CC71EB0C0186
:10048000C1E70B46024641464846BDE8F08B13B52E
:100490004FF000004FF00001AFF30080BDE81C40BA
:1004A000704710B5203AC0F00B80B1E81850203AE0
:1004B000A0E81850B1E81850A0E81850BFF4F5AF04
:1004C0005FEA027C24BFB1E81850A0E8185044BF8E
:1004D00018C918C0BDE810405FEA827C24BF51F8FB
:1004E000043B40F8043B08BF7047D20728BF31F8EF
:1004F000023B48BF11F8012B28BF20F8023B48BF40
:1005000000F8012B70474FF0000200B513469446E7
:100510009646203922BFA0E80C50A0E80C50B1F15B
:100520002001BFF4F7AF090728BFA0E80C5048BF6F
:100530000CC05DF804EB890028BF40F8042B08BF0D
:10054000704748BF20F8022B11F0804F18BF00F809
:10055000012B704770477047704710B500F008F8DE
:10056000006810BD10B5044600F002F8046010BD2C
:1005700000487047400700240048704740070024A7
:100580007546FFF7F9FFAE4605006946534620F071
:100590000700854618B020B5FFF7F8FEBDE82040FB
:1005A0004FF000064FF000074FF000084FF0000B2F
:1005B00021F00701AC46ACE8C009ACE8C009ACE8E2
:1005C000C009ACE8C0098D46704710B50446AFF3CA
:1005D00000802046BDE81040FFF7C1BE0149182049
:1005E000ABBEFEE7260002007047FEE702490A2282
:1005F000024805F0E0B80000400500247003002424
:100600002DE9F04114460E4605462DED088BB0EE5F
:1006100061AAB0EE609AF0EE409A9FED5E0ADFEDBF
:100620005E0ADFED5E1A09EEE90A31EE608A4FF0EC
:100630007E5709EE490A08EE480AC0EE210AB0EEDC
:10064000E00A10EE100AB8427DDAB0EE600A07F058
:100650005BFD08F01BFCDFED520A69EEA98A60EE33
:1006600020AA49EE098A48EE088AB0EE680A08F026
:10067000D7FCCAEE800AB0EEE00A10EE100AB842CB
:1006800061DAF0EE690AB0EE490A07F06BFEDFEDC1
:1006900045AA30EE2ABA9FED441A4448D0ED160A16
:1006A00080EE810A08F032F8B0EE001ADFED400A61
:1006B00020EE010A7AEE2AAA00EE20BAB0EE6A0A0B
:1006C00085ED00BA07F07AFFF0EE400A9FED391A87
:1006D0009FED390A00EEC10A08F0A2FCB0EE40AA74
:1006E000B0EE6A0A08F0D2FBDFED340A20EE200AF1
:1006F000C0EE0A0AB0EE600A07F098FDDFED300A9E
:10070000F0EE40AA9FED2F0A4AEE0A0A2AEE001ADE
:1007100049EEE90A49EE490A48EE480A80EE810AA4
:1007200007F0F2FCB0EE409A08F0B0FB60EE0A9AD7
:10073000B0EE680A08F074FCF0EE400A89EEA00AF8
:1007400007F074FD00E021E0F0EE409AB0EE680A98
:1007500008F066FCF0EE400AB0EE480A07F002FE30
:1007600039EE800ADFED180A30EE200A06F0D2F9E1
:10077000B1EE400A86ED000A9FED140A39EE000A38
:1007800030EE6A0A06F0C6F984ED000ABDEC088B6B
:10079000BDE8F081A27DD43EAE47E13EC56DD43EBA
:1007A0003108EC3ED00FC93FD00FC940F0050024FE
:1007B000D00F4940CCAF9B3D2995603E8CDBA83DD6
:1007C000285C4F3E6666663F295C8F3DEC5138BE23
:1007D000014801F0ABB8000004040024014801F016
:1007E000A5B800007C040024014801F09FB8000077
:1007F000E8010024014801F099B8000060020024DB
:10080000294A016891423AD0274A1832914236D09B
:10081000254A3032914232D0234A483291422ED07A
:10082000214A603291422AD01F4A7832914226D022
:100830001D4A9032914222D01B4AA83291421ED0CA
:100840001A4A91421BD0194A1832914217D0174ABE
:100850003032914213D0154A483291420FD0134A98
:10086000603291420BD0114A7832914207D00F4A40
:100870009032914203D00D4AA832914211D1CAB2AE
:100880001823103AB2FBF3F26FF30901032A02F0C6
:100890000703074AD25CC26500D9091D8165084675
:1008A000704721F0FF01F9E71000024010040240F8
:1008B0006094000830B5224A012301689142CAB20F
:1008C0001BD01F4C1434A14217D01D4C2834A14218
:1008D00013D01B4C3C34A1420FD0194C5034A142D0
:1008E0000BD0174C6434A14207D0154C7834A14288
:1008F00003D0134C8C34A1420CD11421114C083A72
:10090000B2FBF1F10F4A803201F01F0504EB8101C7
:10091000AB4010E00C4D1824103A0D44B2FBF4F13A
:10092000A82D00D80831094A01F01F0402EB81010B
:10093000064AA3408032603080E80E0030BD0000DF
:100940000854025800580258F0FBFDBF000802404E
:1009500010B50279531E072B2DD8174C0168A14200
:100960001BD0154C1434A14217D0134C2834A1428B
:1009700013D0114C3C34A1420FD00F4C5034A14243
:100980000BD00D4C6434A14207D00B4C7834A142FB
:1009900003D0094C8C34A14203D10849074C44319F
:1009A00002E00749064C443104EB8202C0E91B21F6
:1009B00001219940416710BD08540258FC58025863
:1009C000FC08024010B583694FF0C074826A01468A
:1009D000002053B1B3F5005F15D072B1012A0CD0DD
:1009E000022A0AD0032A09D104E01AB1012A06D04A
:1009F000022A03D1C96AC90100D5012010BDC96A04
:100A0000A142FAD010BD002AF7D0012AF2D0022A62
:100A1000F3D0032AF3D010BD2DE9F04F804E804F64
:100A2000DFF8FC911836DFF8F8A148370468856DC7
:100A30000AF1300ADFF8ECB14C45DFF8ECC1DFF821
:100A4000ECE16DD0B4426BD0544569D0BC4267D064
:100A5000DFF8D081A8F11808444561D05C455FD02B
:100A600064455DD074455BD0DFF8C481444557D000
:100A7000DFF8BC8108F11808444551D0DFF8B08197
:100A800008F1300844454BD0DFF8A48108F148084C
:100A9000444545D0DFF8988108F1600844453FD0CF
:100AA000DFF88C8108F17808444539D0DFF880817F
:100AB00008F19008444533D0DFF8748108F1A808A4
:100AC00044452DD0DFF86C81444529D0DFF864819E
:100AD00008F11408444523D0DFF8588108F12808AC
:100AE00044451DD0DFF84C8108F13C08444517D03F
:100AF000DFF8408108F15008444511D0DFF8348117
:100B000008F1640844450BD0DFF8288108F1780823
:100B1000444505D0DFF81C8108F18C08444509D113
:100B2000D0E91948C4F80480C46E1CB1D0E91C484F
:100B3000C4F8048004684C452ED0B4422CD05445EF
:100B40002AD0BC4228D0374E183EB44224D05C454F
:100B500022D0644520D074451ED0354EB4421BD0FF
:100B6000334E1836B44217D0314E3036B44213D01B
:100B70002F4E4836B4420FD02D4E6036B4420BD0C3
:100B80002B4E7836B44207D0294E9036B44203D06B
:100B9000274EA836B44215D190F85C603F2406F089
:100BA0001F06B440AC600468256825F480252560E4
:100BB0002EE09A600068C160BDE8F08F996000681F
:100BC000C260F9E71B4EB4421BD01A4E1436B44231
:100BD00017D0184E2836B44213D0164E3C36B442C5
:100BE0000FD0144E5036B4420BD0124E6436B4427D
:100BF00007D0104E7836B44203D00E4E8C36B44235
:100C0000DAD190F85C60012406F01F06B4406C60F5
:100C1000046863608368402B0368CFD1C9E7000094
:100C20001000024088000240A0000240B8000240CC
:100C3000100402400854025870B51C4C88B0204E75
:100C400001259FED1B0ADFED1B0A6660202125812F
:100C5000684625709FED181A84ED0B0AC4ED0C0A46
:100C600084ED041AF2EE0F1A84F87050B7EE082AD9
:100C7000DFED122AC4ED0F1A84ED112AC4ED132AF8
:100C8000FFF741FC002100910F200191CDE90215F1
:100C9000CDE904106946304601F072FD606800221B
:100CA000012101F0F5FC08B070BD000070050024C2
:100CB00033337B426666A63FCDCC4CBE6666E63ECD
:100CC000C00000241CB50020FF2300900190FC20F0
:100CD0008DF804308DF805308DF800308DF8063031
:100CE0008DF801308DF80700084691B28DF802307A
:100CF0006A468DF80330082300F0B2FA1CBD0000EC
:100D00002DE9F0412DED048B9CB0DFED578A574A59
:100D10005FF00000B0EE688AC0EBC00101EB41015A
:100D200012F83110022913D0401CC0B20228F3D3AC
:100D3000DFF83C8100254F4E06EBC514D4E91E01B7
:100D4000143871F1000067D32078012809D05FE0E2
:100D5000C0EBC00000EB400002EBC00090ED048A45
:100D6000E6E7D4ED040A94ED050A04F1380006F034
:100D7000FFF894F8700080B1D4ED150AD4ED171A7D
:100D800094ED160A94ED121A40EE210A20EE010AA3
:100D9000C4ED060A84ED080A05E094ED040A84ED2A
:100DA000060AC4ED088A9FED340A38EE000A05F001
:100DB000B1FEB0EE409A94ED050ADFED300A30EE58
:100DC000C00A05F0A7FEF0EE490A07F051F9B1EEAE
:100DD000400A7022684684ED090A04F11001FFF709
:100DE00060FB94E80F0000F04DF894ED050AD4ED97
:100DF000040A234930EE600AB0EEC00A10EE100A71
:100E0000884205DC98F8011011B9012188F8011019
:100E1000012001F02BFC1CE00020009001907F21BC
:100E2000FF228DF800108DF8040007278DF80120AF
:100E3000F0238DF805008DF802108DF806708DF8FE
:100E4000033008238DF807206A462189606800F086
:100E500007FA6D1C15F0FF053FF46EAF1CB0BDEC3A
:100E6000048BBDE8F081000000000000F0050024C4
:100E700018000024700500246B8E9C40DCCB96404B
:100E8000CDCCCC3D0FB40020B2EE091AF0B5FAEE8D
:100E9000090A2DED028B83B00090019010209DED8A
:100EA000100A00F01AFA9DED120AB3EE0E1AFBEECC
:100EB0000E0A06460C2000F010FA9FED248A9DEDE4
:100EC000150A9FED211AF0EE480A05460C2000F0A5
:100ED00004FA9DED160AB1EE041AF0EE480A044633
:100EE0000C2000F0FAF99DED130AB2EE041AFAEEA6
:100EF000040A07460C2000F0F0F9320A8DF80020B1
:100F00002A018DF801602B0901468DF802303D0160
:100F10008DF8044038098DF8050045EA11238DF855
:100F2000063042EA14228DF807100823BDF830106D
:100F30000B988DF803206A4600F092F903B0BDECDF
:100F4000028BF0BC5DF814FB0000FA4300000000C7
:100F500070B5DDE90B24049B656885423CD102290C
:100F60003AD1082B38D11078217AB1EB101F2CD14F
:100F700000F00F00A072D3781179B2F80100527915
:100F80001B0101F00F0543EA111640BA1021F2EEE1
:100F9000090ABAEE090A42EA052507F055F884ED78
:100FA000050A0C213046F3EE0E0ABBEE0E0A07F0DE
:100FB0004BF884ED070A0C212846F2EE040ABAEE3B
:100FC000040A07F041F884ED030AD4E91E01401C2D
:100FD00041F10001C4E91E0170BD704772B6FEE721
:100FE000054805490839026842F0020202600868B3
:100FF0008004FCD5704700000C480258014801F0FD
:10100000C9BC000020000024014801F0C3BC00005E
:1010100020000024014801F0BDBC0000C0000024F5
:10102000014801F0B7BC0000C0000024F0B503681F
:101030004FF6FC716D4C426BD3F884508D4345EAFA
:101040008205C3F88450036853F8845F068F25F443
:101050007F0545EA06451D60836B654D9F18026854
:10106000D2F888308B4343EA8703C2F8883002689D
:1010700052F8883F868F23F4FE0343EA0643136049
:10108000066856F8A03FC26B8B4307EB420243EA67
:1010900082033360076857F8A03FB0F8406023F43C
:1010A000FE0343EA06433B60D0E9103603FB062209
:1010B0000368D3F8B0608E4346EA8206C3F8B06096
:1010C0000368B0F84860D3F8B07027F4FE0747EA29
:1010D0000646C3F8B060D0E91267036806FB072232
:1010E000D3F8AC608E4346EA8206C3F8AC60D0E920
:1010F0001467036806FB0722D3F8F0608E4346EAC4
:101100008206C3F8F0600368B0F85860D3F8F07056
:1011100027F47C1747EA0646C3F8F0600368876D3A
:1011200053F8C06F02EB47028E4346EA8201196012
:101130000168B0F85C20D1F8C03023F47C1343EA96
:101140000242C1F8C020016890F86020D1F8C03098
:1011500023F07C5343EA0262C1F8C020416B04EBE8
:101160008101C166826B01EB82020267C36B02EBF5
:10117000C3024267D0E91034634302EB8302826703
:10118000D0E91234634302EB8302C267D0E914341E
:10119000634302EB8302C0F88020836D02EBC3033C
:1011A000C0F88430C46D826E544303EB8403C0F8EE
:1011B0008830046E544303EB8402C0F89020AA42A6
:1011C0000AD9D0F89C20032142F02002C0F89C20CC
:1011D00080F898100120F0BD002200E004C1D0F892
:1011E00090308B42FAD80020F0BD000000AC0040E7
:1011F000FCD30040F0B58E680C69D1E9005744EA91
:101200000604DFB145F080452C43866ED1E906C562
:101210004F695E4391F8203045EA0C05B1F80CC0E7
:10122000D0F884E0002047EA03630C4F1D430EEB27
:10123000860345EA0C45E3E802450AE044EA8544B2
:10124000E3E71418155C001DD4F8014045EA0424B6
:1012500010C3CC683C5D8442F3D8F0BD68940008AC
:10126000F0B589B01C4616460D462421074668464F
:10127000FFF749F900200290082CCDE900501CD05E
:10128000072C1CD0062C1CD0052C1CD0042C1CD0E8
:10129000032C1CD0022C1CD0012C1CD05FF00001B0
:1012A0003246CDE9031069460590069007900890F4
:1012B000384601F031FA09B0F0BD0821F0E7072106
:1012C000EEE70621ECE70521EAE70421E8E7032140
:1012D000E6E70221E4E70121E2E7B4EEE00AF1EEFD
:1012E00010FA71EE601A02D2B0EE600A06E0B4EEB7
:1012F000C10AF1EE10FA01DDB0EE410A012170EEF3
:10130000600A8140491E00EE101AB8EEC00A20EEB5
:10131000800AC0EE210ABCEEE00A10EE100A80B28C
:10132000704700009FED061A10B530EE010A30EE4E
:10133000200A07F043F9DFED030A20EE200A10BD72
:101340008716C93FF9FE35402DE9F84F044602F0F3
:101350000BF800903CB194F83500022806D08021AB
:1013600061650020E4E00120BDE8F88FC74DC74E5D
:10137000C649183520683036DFF81483DFF8149337
:101380008842DFF814A3DFF814B32ED0A8422CD083
:10139000B0422AD0404528D0484526D0504524D0D8
:1013A000584522D0BD4A183290421ED0BC4A9042C5
:1013B0001BD0BB4A1832904217D0B94A3032904203
:1013C00013D0B74A483290420FD0B54A60329042AB
:1013D0000BD0B34A7832904207D0B14A9032904253
:1013E00003D0AF4AA832904209D1026822F01E020F
:1013F00002602068426922F08002426103E00268D4
:1014000022F00E02026027688F4238464DD0A84273
:101410004BD0B04249D0404547D0484545D05045D3
:1014200043D0584541D09D4A183290423DD09C4A05
:1014300090423AD09A4A1832904236D0984A303286
:10144000904232D0964A483290422ED0944A60322E
:1014500090422AD0924A7832904226D0904A9032D6
:10146000904222D08E4AA83290421ED08D4A90429D
:101470001BD08C4A1432904217D08A4A28329042AC
:1014800013D0884A3C3290420FD0864A5032904264
:101490000BD0844A6432904207D0824A783290421C
:1014A00003D0804A8C32974204D1206E026822F425
:1014B0008072026075492068884228D0A84226D0F0
:1014C000B04224D0404522D0484520D050451ED0BF
:1014D00058451CD071491831884218D0704988424B
:1014E00015D06F491831884211D06D49303188428A
:1014F0000DD06B494831884209D069496031884232
:1015000005D067497831884201D06549903101683A
:1015100021F0010101600EE001F026FF0099401A60
:10152000052808D9202262650321002084F835109F
:1015300084F8340017E73868C007EDD1534A012119
:10154000206890422ED0A8422CD0B0422AD04045EC
:1015500028D0484526D0504524D0584522D04F4B5E
:10156000183398421ED04E4B98421BD04C4B183328
:10157000984217D04A4B3033984213D0484B4833E7
:1015800098420FD0464B603398420BD0444B78338F
:10159000984207D0424B9033984203D0404BA83337
:1015A000984208D194F85C703F23A06D07F01F07A4
:1015B000BB40836007E094F85C30A06D03F01F032C
:1015C00001FA03F34360206890424DD0A8424BD00B
:1015D000B04249D0404547D0484545D0504543D01A
:1015E000584541D02D4A183290423DD02C4A904265
:1015F0003AD02B4A1832904236D0294A30329042A3
:1016000032D0274A483290422ED0254A603290424A
:101610002AD0234A7832904226D0214A90329042F2
:1016200022D01F4AA83290421ED01E4A90421BD0A0
:101630001C4A1432904217D01A4A2832904213D0D2
:10164000184A3C3290420FD0164A503290420BD08A
:10165000144A6432904207D0124A7832904203D042
:10166000104A8C3290420BD1D4E919024260E06EEC
:1016700030B1026822F480720260D4E91C02426038
:10168000002084F8351084F834006DE61000024024
:10169000580002407000024088000240A000024052
:1016A00010040240085402582DE9F05F28B190F868
:1016B0003510022904D0802141650120BDE8F09F4A
:1016C000904C904B0168183C18338E4ADFF83C92DE
:1016D000A1428D4CDFF838E28E4FDFF83CB2DFF8E4
:1016E0003CA28F4D8F4E31D091422FD099422DD0B8
:1016F000A1422BD0494529D0714527D0B94225D0E8
:10170000DFF810C20CF1180C61451FD0DFF808C2D9
:10171000ACF1600C614519D0DFF8FCC1ACF1480CAC
:10172000614513D0DFF8F0C1ACF1300C61450DD04C
:10173000DFF8E4C1ACF1180C614507D0594505D07C
:10174000514503D0A94201D0B1422CD1DFF8B4C138
:101750004FF0040880F83580ACF1180C61451DD0BD
:1017600091421BD0994219D0A14217D0494515D0BA
:10177000714513D0B94211D06648183081420DD05E
:1017800065486038814209D063484838814205D0B5
:1017900061483038814201D05F481838086820F02D
:1017A00001000860ABE0D1F800C02CF00E08DFF8B3
:1017B00054C1C1F80080ACF1180C0168614527D014
:1017C000914225D0994223D0A14221D049451FD032
:1017D00071451DD0B9421BD0DFF838C10CF1180C8F
:1017E000614515D0DFF830C1ACF1600C61450FD018
:1017F000DFF824C1ACF1480C614509D0DFF818C10D
:10180000ACF1300C614503D0DFF80CC1ACF1180C21
:10181000D1F800C02CF0010CC1F800C0DFF8E48062
:101820004FF0010C0168A8F11808414546D09142DB
:1018300044D0994242D0A14240D049453ED0714562
:101840003CD0B9423AD0334A1832914236D0324A6B
:10185000603A914232D0304A483A91422ED02E4AD4
:10186000303A91422AD02C4A183A914226D0594512
:1018700024D0514522D0A94220D0B1421ED02A4ABC
:1018800091421BD0284A1432914217D0264A28325E
:10189000914213D0244A3C3291420FD0224A503216
:1018A00091420BD0204A6432914207D01E4A7832CE
:1018B000914203D01C4A8C32914218D1016E0A68C1
:1018C00022F480720A6090F85C20816D02F01F02A1
:1018D0000CFA02F24A60D0E919124A60C16E31B1C5
:1018E0000A6822F480720A60D0E91C124A60002261
:1018F000016D80F835C080F8342001B188470020A0
:10190000DCE600002800024058000240700002405F
:1019100088000240A0000240700402408804024097
:10192000A0040240B8040240085402582DE9FC5FAC
:101930000446F74E0020DFF8D88300904FF416528B
:10194000F44808F11808A56DDFF8C493DFF8C0A3C8
:10195000016809F1300920680AF1480AB1FBF2F187
:10196000B04201912F68D5F800C0DFF8ACB335D094
:101970004146884232D0484530D050452ED0584557
:101980002CD0E5491831884228D0E34930318842CB
:1019900024D0E1494831884220D0E04988421DD016
:1019A000DE491831884219D0DC493031884215D0DF
:1019B000DA494831884211D0DFF860E30EF1600E59
:1019C00070450BD0D54A7832904207D0D34B903334
:1019D000984203D0D149A83188427DD194F85C2047
:1019E000082102F01F0201FA02F23A424AD0B04244
:1019F00032D0404530D048452ED050452CD05845A7
:101A00002AD0C54A1832904226D0C34A303290427A
:101A100022D0C14A483290421ED0C04A90421BD0C8
:101A2000BE4A1832904217D0BC4A3032904213D08E
:101A3000BA4A483290420FD0B84A603290420BD036
:101A4000B64A7832904207D0B44A9032904203D0DE
:101A5000B24AA832904203D1026802F0040202E0C6
:101A6000026802F008026AB1026822F00402026011
:101A700094F85C0000F01F008140A960606D40F0A8
:101A80000100606594F85C00012100F01F008140B6
:101A9000394240D02068B04234D0404532D0484529
:101AA00030D050452ED058452CD09B4A1832904209
:101AB00028D0994A3032904224D0974A48329042F6
:101AC00020D0964A90421DD0944A1832904219D0A4
:101AD000924A3032904200E0AFE113D08F4A483250
:101AE00090420FD08D4A603290420BD08B4A7832B0
:101AF000904207D0894A9032904203D0874AA83258
:101B000090427DD1406910F0800F04D0A960606DD3
:101B100040F00200606594F85C00042100F01F00B2
:101B2000814039423ED02068B04232D0404530D06A
:101B300048452ED050452CD058452AD0764A1832E8
:101B4000904226D0744A3032904222D0724A4832B3
:101B500090421ED0714A90421BD0704A1832904277
:101B600017D06E4A3032904213D06C4A48329042BD
:101B70000FD06A4A603290420BD0684A7832904265
:101B800007D0664A9032904203D0644AA83290420D
:101B90004ED1006810F0020F04D0A960606D40F0D3
:101BA0000400606594F85C00102100F01F00814083
:101BB000394258D02068B04234D0404532D04845F0
:101BC00030D050452ED058452CD0534A1832904230
:101BD00028D0514A3032904224D04F4A4832904265
:101BE00020D04E4A90421DD04C4A1832904219D013
:101BF0004A4A3032904215D0484A4832904200E07A
:101C000014E00FD0454A603290420BD0434A7832FC
:101C1000904207D0414A9032904203D03F4AA832C6
:101C2000904207D1006800F0080006E0006872E703
:101C30000068B7E7006800F00400A0B1A960206860
:101C40000168490304D50068000308D5A16C07E0CA
:101C50000168C90503D4016821F008010160216C05
:101C600009B12046884794F85C00202100F01F004D
:101C70008140394279D02068B04232D0404530D0DE
:101C800048452ED050452CD058452AD0224A1832EB
:101C9000904226D0204A3032904222D01E4A48320A
:101CA00090421ED01D4A90421BD01C4A18329042CE
:101CB00017D01A4A3032904213D0184A4832904214
:101CC0000FD0164A603290420BD0144A78329042BC
:101CD00007D0124A9032904203D0104AA832904264
:101CE00003D1006800F0100002E0006800F002007C
:101CF000B0B3A96094F835000428206801680FD0BB
:101D000049037ED5006800032BD4616C2AE00000F3
:101D10001000024010000024700002401004024035
:101D200021F0160101602068416921F080014161C4
:101D3000206C08B9A06C20B12068016821F008016E
:101D4000016094F85C303F21012003F01F03002262
:101D50009940A96084F8350084F83420216D65E04D
:101D600003E0E16B09B120468847606D00287DD013
:101D7000606DC00759D02068042184F83510B04246
:101D80002BD0404529D0484527D0504525D058452F
:101D900023D09D49884220D09B49183188421CD0CD
:101DA00099493031884218D09849884215D09749CE
:101DB0001831884211D09549303188420DD093496D
:101DC0004831884209D091496031884205D08F4915
:101DD0007831884201D08D499031016821F00101AC
:101DE000016020680099019A491C0091914202D833
:101DF0000168C907F6D10068C00710D003200FE0C2
:101E0000FFE70168C905ACD403680121002223F073
:101E10001003036084F8351084F83420A1E7012012
:101E200084F83500002084F83400E16C00291DD0CE
:101E300002B02046BDE8F05F0847754988421DD0D2
:101E400073491431884219D071492831884215D01C
:101E50006F493C31884211D06D49503188420DD0D4
:101E60006B496431884209D0694900E084E07831E7
:101E7000884203D066498C3188427DD194F85C80D9
:101E80000427016808F01F0807FA08F717EA0C0F83
:101E9000009746D04F0744D500980F04686003D5DB
:101EA000C8033CD4A16CC1E7880638D42068B0428E
:101EB0002DD055496039884229D0484527D0504512
:101EC00025D0584523D05049884220D04E4918315A
:101ED00088421CD04C493031884218D04B49884246
:101EE00015D04A491831884211D0484930318842CA
:101EF0000DD046494831884209D0704507D09042FC
:101F000005D0984203D04149A831884203D10168E5
:101F100021F0080102E0016821F004010160216C58
:101F200084E7022707FA08F717EA0C0F00974ED04C
:101F30008F074CD500980F04686003D5C80344D4BC
:101F4000616C73E7880640D42068B0422FD02E49D8
:101F5000603988422BD0484529D0504527D0584574
:101F600025D02949884222D02749183188421ED0DD
:101F700025493031884200E044E018D023498842A6
:101F800015D022491831884211D020493031884279
:101F90000DD01E494831884209D0704507D0904283
:101FA00005D0984203D01949A831884203D101686D
:101FB00021F0140102E0016821F00A010160012111
:101FC00084F83510002084F83400E16B2EE70822F5
:101FD00002FA08F212EA0C0F14D0090712D50168B0
:101FE00021F00E01016094F85C100120002201F044
:101FF0001F0100FA01F16960606584F8350084F81A
:10200000342012E7BDE8FC9F880002401004024023
:10201000085402582DE9F05F044601F0A5F9002CA0
:1020200007467DD0E24E022120684FF00308DFF81A
:1020300084934FF00005DFF880A3B042DFF87CB353
:1020400034D0DB4A1832904230D048452ED050452B
:102050002CD058452AD0D94A1832904226D0D74A97
:102060003032904222D0D54A483290421ED0D44AD3
:1020700090421BD0D24A1832904217D0D04A303208
:10208000904213D0CE4A483290420FD0CC4A6032B0
:1020900090420BD0CA4A7832904207D0C84A903258
:1020A000904203D0C64AA83290427DD184F83510C0
:1020B000B04284F834502ED0BD49183188422AD01D
:1020C000484528D0504526D0584524D0BB49183122
:1020D000884220D0B949303188421CD0B7494831B4
:1020E000884218D0B649884215D0B549183188427F
:1020F00011D0B349303188420DD0B14948318842BE
:1021000009D0AF496031884205D0AD497831884265
:1021100001D0AB499031016821F00101016008E074
:1021200025E100BF01F020F9C01B052801D92021BD
:102130001AE120680068C007F4D1D4E902032168DD
:10214000103418438E4694E88410D4E903380968A3
:102150003A4310439B4A40EA0C0067691843114018
:10216000103C40EA0800042F40EA010003D1D4E902
:102170000B12114308436168A1F12902052A0BD90A
:10218000163A032A08D9083A012A05D9083A032A37
:1021900002D97439032901D840F48010CEF8000028
:1021A0002068676A406900E020E0042F20F0070003
:1021B00047EA00070DD1D4E90A01074349B1204697
:1021C000FEF700FC28B140206065012184F835103D
:1021D000CDE0206847612046FEF712FB94F85C20B2
:1021E0003F2102F01F029140816055E0764A904203
:1021F0001BD0754B1433984217D0734B2833984239
:1022000013D0714B3C3398420FD06F4B50339842F0
:102210000BD06D4B6433984207D06B4B78339842A8
:1022200003D0694B8C3398427ED184F8351084F802
:102230003450664B0168A26801EA030E402A74D04C
:10224000802A73D05FF00002D4E90378D4E9053125
:1022500042EAD70242EAD8085B4AD4E9077C48EA56
:10226000D30848EAD10141EAD701524241EA1C11A0
:10227000142341EA0E01016020681044B0FBF3F022
:102280008000E0652046FEF7BBFA94F85C2001214F
:1022900002F01F02914041602068B04257D044498B
:1022A0001831884253D0484551D050454FD05845F9
:1022B0004DD042491831884249D040493031884296
:1022C00045D03E494831884241D03D4988423ED0C0
:1022D0003B49183188423AD039493031884236D0AA
:1022E00037494831884232D03549603188422ED052
:1022F0003349783188422AD031499031884226D0FA
:102300002F49A831884222D02F4988421FD02E4918
:10231000143188421BD02C492831884217D02A49D1
:102320003C31884213D002E01DE017E018E0264956
:10233000503188420BD024496431884207D0224969
:102340007831884203D020498C31884229D12046F7
:10235000FEF7B0FAA06880280CD00CE0102273E7DA
:102360004FF4804270E74021616584F83580012098
:10237000BDE8F09F6560216E20790860D4E91901FD
:1023800041606068401E072808D82046FEF7E0FA42
:10239000E06E0560D4E91C01416002E0E566256756
:1023A00065670120656584F835000020E0E70000DE
:1023B00010000240400002405800024070000240FD
:1023C000100402403F8010FE085402580F00FEFF28
:1023D0002DE9F84F04008C464FF00000009014D017
:1023E00094F83400012812D094F8355001200021CF
:1023F00084F83400012D0CD0C002606501200090EB
:1024000084F834100098BDE8F88F0120FBE7022023
:10241000F9E78C4D0226206884F83560A8428A4D81
:1024200061658A4E8A4FDFF82C82DFF82C92DFF844
:102430002CA2DFF82CB226D0A84224D0B04222D061
:10244000B84220D040451ED048451CD050451AD037
:10245000584518D08349884215D08249183188429E
:1024600011D08049303188420DD07E4948318842B0
:1024700009D07C496031884205D07A497831884258
:1024800001D078499031016821F001010160614675
:102490002046FEF7C1FA6B49206888422CD0A8423A
:1024A0002AD0B04228D0B84226D0404524D0484552
:1024B00022D0504520D058451ED06A4A90421BD0A9
:1024C000684A1832904217D0664A3032904213D090
:1024D000644A483290420FD0624A603290420BD038
:1024E000604A7832904207D05E4A9032904203D0E0
:1024F0005C4AA83290420CD1026822F01E0242F0DF
:1025000016020260206C88B12068026842F008025E
:102510000BE0026822F00E0242F00A020260206C18
:1025200020B12068026842F00402026020688842FC
:102530004BD0A84249D0B04247D0B84245D04045E0
:1025400043D0484541D050453FD058453DD0454AFD
:1025500090423AD0434A1832904236D0414A303203
:10256000904232D03F4A483290422ED03D4A6032AB
:1025700090422AD03B4A7832904226D0394A903253
:10258000904222D0374AA83290421ED0364A90421A
:102590001BD0354A1432904217D0334A2832904229
:1025A00013D0314A3C3290420FD02F4A50329042E1
:1025B0000BD02D4A6432904207D02B4A7832904299
:1025C00003D0294A8C3290420DD1206E0268D2038A
:1025D00003D5026842F480720260E06E18B10268AE
:1025E00042F4807202602068884226D0A84224D03B
:1025F000B04222D0B84220D040451ED048451CD021
:1026000050451AD0584518D01649884215D015495A
:102610001831884211D01349303188420DD0114908
:102620004831884209D00F496031884205D00D49B0
:102630007831884201D00B499031016841F00101A5
:102640000160DFE610000240280002404000024026
:10265000580002407000024088000240A000024082
:10266000B8000240100402400854025870B50446F5
:1026700000F07AFE0546601C02D00448007804444D
:1026800000F072FE401BA042FAD370BD040000248B
:1026900010B590F89830012B09D0022B07D0D0F854
:1026A0009C1041F00201C0F89C10012010BD03688D
:1026B0009C6D0C4203D1DC6D44F0010404E09C6D80
:1026C00031EA04041FD00324DC658B0505D50368BB
:1026D000D3F8E0401443C3F8E0404B0505D5036848
:1026E000D3F8E4401443C3F8E4400068084A01EA20
:1026F0000203446D074A1C434465106840EA917028
:102700001060002010BDDC6D44F00204DCE7000026
:10271000FFFFCF3F14A8004070B5044690F8980022
:10272000022804D0D4F89C0040F008000DE0206896
:10273000D0F8C03013F07C5F0BD0D0F8C4309B02CF
:102740000CD5D4F89C0040F40070C4F89C00012023
:1027500070BDD4F89C0040F02000F6E7D0F8C4002B
:10276000C0F3044520462B46FEF744FD21680120B6
:10277000A840C1F8D000C4F89400002070BD704794
:1027800070B590F89820012A09D0022A07D0D0F815
:102790009C1041F00201C0F89C10012070BD0B6834
:1027A000CA6883B10B69072A43EA427325D00C7AC1
:1027B0004A6942EA84724968006F00EBC100C0E9CF
:1027C0000032002070BD072A0DD00C7AD6060D8A83
:1027D0004B6943EA847246EA0543C06E49681A436E
:1027E00040F82120EDE70B8A4FF06055D1E906242F
:1027F00042EA034245EA0423EFE78A69DBE77047D0
:1028000070470000F0B590F898500024022D04D0D5
:10281000D0F89C1041F0080129E0402905D0412959
:1028200029D0056D8D4219D942E00568D5F8A06020
:1028300016F4FE0F12D0D5F8A460760613D0D5F8A2
:10284000A460F60105D5D5F8A06016F0004F00D5BC
:102850000124D5F8A470466F456C24E0D0F89C1094
:1028600041F0200103E0D0F89C1041F48071C0F8E1
:102870009C100120F0BD0568D5F8B06016F4FE0F7D
:10288000ECD0D5F8B4607606EDD0D5F8B460F6019A
:1028900005D5D5F8B06016F0004F00D50124D5F865
:1028A000B470866FC56CC7F305273C44654302E0EE
:1028B000456DC66F4D4306EB85052E6816F08046C4
:1028C00056602E6836D026F060461660D5F800C0F7
:1028D00000262E4F0CF0005CC2F808C0D5F800C0EE
:1028E0000CF0004CC2F810C0B5F804C01FFA8CFC04
:1028F000C2F81CC0D5F804C0CCF3034CC2F80CC01D
:10290000D5F804C00CF4801CC2F814C0D5F804C07B
:102910000CF4001CC2F818C0D5F804C0CCF3066C47
:10292000C2F820C0D5F804C008354FEADC7CC2F8F4
:1029300024C008E0C6F38A46C7E700BF15F806C002
:1029400003F806C0761CD2F80CC017F80CC0B445CA
:10295000F4D840290AD041290CD020294FF0010297
:102960000CD200688A40C0F898200DE00068C0F8DA
:10297000A84009E00068C0F8B84005E0006801F030
:102980001F018A40C0F89C200020F0BD6894000818
:10299000704700002DE9FF5FDFF80CB304460BF130
:1029A0000401DBF8000025680F68AA468007D5F807
:1029B0005090696DD5F850806E6D2A6DD5F854C071
:1029C0002B6D00EA8770009009F470496F6D286DD7
:1029D00001EA09010191DAF85410DAF85490DAF8B2
:1029E000505008F00F0806EA0806029602F0F002BE
:1029F00003F071536FEA09061F4000F060700CEAA3
:102A0000020CCDF80CC0F20501EA00090CD4E84331
:102A1000C00509D400214FF48073CAF85030CBF8B8
:102A200000102046FFF7B4FF700512D4E8434005BC
:102A30000FD4206800234FF48068D0F8DC20D0F851
:102A4000E410C0F85080CBF800301140204600F070
:102A500072FBDFF858A2009850B12268830F00EA99
:102A60000A001065CBF8003020460099FFF787FE7A
:102A7000019850B12268830F00EA0A001065CBF874
:102A800000302046019900F058FB029850B12268AE
:102A9000830F00EA0A001065CBF800302046029947
:102AA00000F0CEFA039850B12268830F00EA0A00C2
:102AB0001065CBF800302046039900F0EDFA3005A0
:102AC0000CD4E843000509D4236800204FF40062C9
:102AD0001A65CBF80000204600F030FBB00512D498
:102AE000E84380050FD4206800234FF40078D0F825
:102AF000D820D0F8E010C0F85080CBF8003011405A
:102B0000204600F019FB30030CD4E843000309D43D
:102B1000236800204FF400221A65CBF800002046FD
:102B200000F08CFAF0030CD4E843C00309D4236806
:102B300000204FF480321A65CBF80000204600F0E8
:102B4000F9FA70030CD4E843400309D4226800204A
:102B50004FF480231365CBF80000204600F0E9FA1B
:102B6000B0030FD4E84380030CD4236800204FF453
:102B700000321A65CBF80000D4F89C0040F08000C9
:102B8000C4F89C00B9F1000F0BD022684FEA99738A
:102B900009EA0A001065CBF8003049462046FFF7E5
:102BA0002FFE5FB12268BB0F07EA0A001065CBF861
:102BB0000030D4F89C003843C4F89C003C4920689D
:102BC000884268D1606881468068800763D0D9F800
:102BD0002060D9F82410D9F82080D9F82400D9F839
:102BE00020C0D9F82470D9F82030D9F82450D9F869
:102BF000202003F4FC4306F00F0AD9F824601D409E
:102C0000D9F824B008F030080CF4C07C02F4F022AB
:102C100011EA0A0100EA080807EA0C0706EA0206B8
:102C2000D9F820A004D0C9F82010204600F07EFA80
:102C3000B8F1000005D0616808624146204600F006
:102C400077FA6FEA0B0040060ED46FEA0A004006DE
:102C50000AD460684021C36BC26B01622046190C24
:102C600002F03F0200F063FA2FB160680762394654
:102C7000204600F05AFA35B160680562D4F89C002D
:102C80002843C4F89C0036B160680662D4F89C0002
:102C90003043C4F89C00D4F89C00002802D02046A1
:102CA000FFF7ADFDBDE8FF9F10A80040FFFFCF3F3D
:102CB00000A000402DE9F04194B08D494C2204461B
:102CC0006846FDF7EEFB64B18A4D2068A84202D148
:102CD00000F58070606094F898004FF0000820B113
:102CE00008E0012014B0BDE8F081204684F8998006
:102CF00000F002F92068816921F01001816100F083
:102D000033FB0327064604E000F02EFB801B0A2855
:102D100011D8206880690007F6D42068816941F0E5
:102D20000101816100F020FB06460DE000F01CFB74
:102D3000801B0A2808D9D4F89C0040F00100C4F890
:102D40009C0084F89870CCE720688069C007EDD0BB
:102D50002068816941F002018161207C012820689E
:102D6000816937D041F040018161607C0128206891
:102D7000816932D021F480418161A07C01282068E2
:102D800081692DD041F4805181612068A2688169F8
:102D900021F44071114381612068816921F0A4010F
:102DA00081612068016921F010010161E06801285A
:102DB00019D010B302281BD02068816941F080012E
:102DC00081612068016941F010010161E068032818
:102DD0000ED012E021F04001C6E741F48041CBE77C
:102DE00021F48051D0E72068816941F0040103E0BB
:102DF0002068816941F020018161207E6FF0FF022F
:102E0000D4E90773A68A1102400602EB0727A0F156
:102E10000070384327685B1E184301EB06463043B9
:102E2000F861A068B0F5407F11D104F12800A68CAC
:102E30006FF00F0C89C801EB0641401E02EB032224
:102E4000104322680CEB071318430843D060206E30
:102E500030B12068626ED0F8C0101143C0F8C010C5
:102E6000D4E917126846D14209D02168A36E51F8FF
:102E7000C82F50F8233022F007021A430A60216C51
:102E800049B12168626C51F8BC3F50F8226023F0D0
:102E9000070232430A60A16C51B12168E36C51F81A
:102EA000BC2F50F8233022F0700242EA03120A606D
:102EB000216D51B12168626D51F8BC3F50F822007C
:102EC00023F4E06242EA002008602068A84204D1AE
:102ED0006068816821F003018160C4F89480012159
:102EE000C4F89C8084F898102046FEF79FF8F9E615
:102EF0007894000800A000402DE9F043B5B080466A
:102F000014212EA8FDF7FFFAB8216846FDF7FBFA59
:102F1000454D0026D8F800004FF08051434A0C3D43
:102F2000404F4FF00208404C90424FF0090938D111
:102F300000201B914A13CDE90020684600F064FC94
:102F400008B1FEF74BF83868401C3860012807D1FB
:102F5000206840F480702060206800F48070339016
:102F6000286840F008002860286803222E922EA9C5
:102F700000F00800CDE92F863196CDE932902C483B
:102F800000F0DEF800221320114600F08BFA132027
:102F900000F07AFA00221520114600F083FA15207D
:102FA0003BE0244A90423AD100201B914FF400426A
:102FB000CDE90020684600F027FC08B1FEF70EF8C6
:102FC0003868401C3860012807D1206840F48070C0
:102FD0002060206800F480703390286840F0020080
:102FE0002860286860222E922EA900F00200CDE908
:102FF0002F863196CDE932900F4800F0A1F80022DB
:103000001420114600F04EFA142000F03DFA002280
:103010001620114600F046FA162000F035FA35B0B9
:10302000BDE8F08300000024EC44025800A00040FA
:10303000000C025800A40040000402587047000031
:103040002DE9F04196B080460020402113AB13904B
:1030500009AA14904046FFF7D5FB0E4F002413AE8B
:103060000DF1300507EBC41029461C22CDE907609D
:103070006846FDF716FA0DF1240C40469CE80E0058
:10308000FDF766FF641C14F0FF04EBD016B0BDE83A
:10309000F0810000700500242DE9F04196B08046D3
:1030A0000020412113AB139009AA14904046FFF76A
:1030B000A9FB104F002413AE0DF13005C4EBC40082
:1030C00029461C2200EB400007EBC000CDE9076059
:1030D0006846FDF7E6F90DF1240C40469CE80E0029
:1030E00003F02CFA641CE4B2022CE7D316B0BDE85E
:1030F000F0810000F005002490F89810012907D015
:10310000D0F89C1041F00401C0F89C1001207047D9
:10311000022180F89810002201688B6923F00103D6
:103120008B61C0F89C20104670477047704770470D
:10313000704770477047704770477047704700008E
:103140002DE9F84F03247A4D00234FF001094FF089
:10315000B04B4FF00F0AE4E009FA03F6324078D0A2
:103160000F7907F00307012F01D0022F1AD18768CA
:103170004FEA430ED1F80CC004FA0EF827EA08070C
:103180000CFA0EFC4CEA070CC0F808C0476891F82E
:1031900004C0B743CCF3001C0CFA03FC4CEA070C48
:1031A000C0F804C00E79F643B6070BD0C6684FEAE4
:1031B00043088F6804FA08FC26EA0C0607FA08F7A9
:1031C0003743C7600E7906F00306022E12D1DE08DF
:1031D0000F694FEA437C00EB8606B646366A4FEA33
:1031E000DC6C0AFA0CF807FA0CF726EA08063743F3
:1031F000CEF820700F7906684FEA430807F00307FE
:1032000004FA08FC07FA08F726EA0C0637430760B9
:103210004E6816F4403F1CD0464E376847F0020710
:10322000376036689F0706F00206009623F0030613
:1032300006F1B046B6463F0FD6F80864DFF8F880CE
:103240000AFA07FC404526EA0C0603D14FF0000CB1
:103250003AE065E0DFF8E4C0604502D14FF0010CD0
:1032600032E0DFF8DCC0604502D14FF0020C2BE009
:10327000DFF8D0C0604502D14FF0030C24E0DFF846
:10328000C8C0604502D14FF0040C1DE0DFF8BCC09F
:10329000604502D14FF0050C16E0DFF8B4C0604580
:1032A00002D14FF0060C0FE0DFF8A8C0604502D154
:1032B0004FF0070C08E0DFF8A0C0604502D14FF0E6
:1032C000090C01E04FF00A0C0CFA07FC4CEA060C62
:1032D000CEF808C44F68DBF80060FF0226EA020659
:1032E00000D516435F46CBF80060D1F804C0DBF888
:1032F00004605FEA8C2C26EA020600D516437E6045
:103300006E684F6826EA0206BF0300D516436E605A
:103310002E684F6826EA0206FF0300D516432E608A
:103320005B1C0A6832FA03F67FF416AFBDE8F88F2B
:1033300080000058F444025800000258000402586B
:1033400000080258000C02580010025800140258DD
:1033500000180258001C0258002402580AB181616A
:1033600070470904FBE700000148806870470000CF
:10337000040000240248816802781144816070478B
:1033800004000024032010B500F0ACF801F07CF834
:103390000F4A104914681368C4F3032203F00F03A3
:1033A0008A5CC95C02F01F0201F01F01D0400A4A8A
:1033B00020FA01F11160094908600F2000F010F8AF
:1033C00008B1012010BD00F051F8002010BD000030
:1033D00018440258EC940008140000241000002443
:1033E00010B5102804468AB02CD2002201461D20B8
:1033F00000F058F81D2000F047F8174804601748FF
:10340000016841F002010160006809A900F00200B2
:103410000890684600F0C4FF0598B0B101F010F8BC
:1034200040000F4900220F4CB0FBF1F10E4840F272
:10343000E7330460C0E90332491EC0E9011201F01C
:10344000B5FE28B101200AB010BD00F0F9FFE8E791
:10345000054801F0DDFEF6E708000024E8440258C4
:1034600040420F0000040040F4040024054808B561
:10347000016841F002010160006800F00200009064
:1034800008BD0000F4440258002809DB410900F09F
:103490001F028900012001F1E0219040C1F80001E4
:1034A000704700000E4BF0B41B680D46C3F30223B7
:1034B000C3F10706042E00D90426191D072901D2DD
:1034C000002300E0DB1E012404FA06F19C40491EA3
:1034D0002940641E994014402143F0BC04F002BE10
:1034E0000CED00E0064900F0070210B54FF6FF04AE
:1034F0000868044B204040EA02201843086010BDD1
:103500000CED00E00000FA05134970B50A68D243DB
:10351000520705D5096801F00701814213D118E06F
:103520000A6822F0070202430A60FFF71DFF0A4DF6
:103530004FF47A760446083D07E000BFFFF714FF1A
:10354000001BB04201D9012070BD2868C04380042F
:10355000F4D4002070BD00000C48025810B500F0F3
:103560004DFF05490968054AC1F30211515C01F09C
:103570001F01C84010BD000020440258EC94000810
:10358000494930B5484C0B1D0A68143409681D6858
:10359000246802F00303C5F30012C1F30531C4F33C
:1035A000CC04002914FB02F200EE102AF8EE400AC7
:1035B00075D03F4A9FED3D1AB7EE000A6BB1DFEDC3
:1035C0003D1A012B01D0022B64D002EE101A1168B3
:1035D000F8EE422A81EEA22A21E0334C283C2368EF
:1035E0009B0612D5344B246801EE901A1168C4F37F
:1035F000C104F8EE612AE34001EE903AC1F30801FC
:10360000F8EE611A81EEA22A0BE001EE901ADFEDCE
:103610002B2A00BFF8EE611A116882EEA12AC1F3CD
:10362000080101EE901A1168F8EE611A40EE811A55
:1036300071EE800A62EE200AC1F3462101EE101AF3
:10364000B8EE411A31EE001AC0EE811ABCEEE11A52
:1036500080ED001A1168C1F3064101EE101AB8EEB0
:10366000411A31EE001AC0EE811ABCEEE11A80ED6B
:10367000011A1168C1F3066101EE101AB8EE411A81
:1036800031EE000A80EE801ABCEEC10A80ED020A1B
:1036900030BD04E001EE901ADFED092ABAE70021FF
:1036A000016041608160F3E728440258000000395E
:1036B000384402580024744A0090D0030024744C0B
:1036C000001BB74B494930B5484C0B1D0A681C34E8
:1036D00009681D68246802F00303C5F30022C1F3E2
:1036E0000551C4F3CC04002914FB02F200EE102AA9
:1036F000F8EE400A75D03F4A9FED3D1AB7EE000A3A
:103700006BB1DFED3D1A012B01D0022B64D002EE2C
:10371000101A1168F8EE422A81EEA22A21E0334CF9
:10372000283C23689B0612D5344B246801EE901A7E
:103730001168C4F3C104F8EE612AE34001EE903A47
:10374000C1F30801F8EE611A81EEA22A0BE001EE46
:10375000901ADFED2B2A00BFF8EE611A116882EE95
:10376000A12AC1F3080101EE901A1168F8EE611A5E
:1037700040EE811A71EE800A62EE200AC1F3462102
:1037800001EE101AB8EE411A31EE001AC0EE811A9D
:10379000BCEEE11A80ED001A1168C1F3064101EE9A
:1037A000101AB8EE411A31EE001AC0EE811ABCEEC2
:1037B000E11A80ED011A1168C1F3066101EE101AD9
:1037C000B8EE411A31EE000A80EE801ABCEEC10A52
:1037D00080ED020A30BD04E001EE901ADFED092A07
:1037E000BAE70021016041608160F3E72844025894
:1037F00000000039404402580024744A0090D0036D
:103800000024744C001BB74B2DE9FE4F0546DFF832
:1038100000A450F8081B0024FD4FC943019005F196
:10382000280026460AF1240A009008011DD4686E7B
:1038300050B1B0F5801F0CD0B0F5001F0ED0B0F520
:10384000401F1ED001240FE0386840F4003038607B
:1038500017E00198022103F075F903E000980221B6
:1038600003F000FA04000CD026462888C043C005A7
:1038700023D4A86D05281ED2DFE800F00C11161B1A
:103880001B006A6EDAF8001021F440111143CAF8E7
:103890000010EAE7386840F40030386009E0019829
:1038A000002103F04FF903E00098002103F0DAF95A
:1038B0000446C4B100E0012426462888DFF850837E
:1038C000C04308F12C0840052FD4D5F8A400B0F56A
:1038D000C00F28D010DCB8B1B0F5001F19D0B0F57A
:1038E000800F0FD11AE0AA6DDAF8001021F007015D
:1038F0001143CAF80010E0E7B0F5000F13D0B0F59F
:10390000200F10D001240FE0386840F400303860F8
:1039100009E00198002103F015F903E00098002167
:1039200003F0A0F9044694B126462888C043000558
:1039300030D4D5F8A800B0F1407F29D011DCC0B157
:10394000B0F1807F1AD0B0F1007F10D11BE0D5F824
:10395000A420D8F8001021F460011143C8F8001029
:10396000E3E7B0F1806F13D0B0F1A06F10D0012465
:103970000FE0386840F40030386009E00198002119
:1039800003F0E0F803E00098002103F06BF904462F
:1039900094B126462868DFF878B2C0430BF1200BBB
:1039A00080011FD4E86CD8B110280FD0202812D085
:1039B000302815D0012414E0D5F8A820D8F800103C
:1039C00021F0E0611143C8F80010E3E7386840F4E3
:1039D0000030386004E00198022103F0B3F8044697
:1039E00074B126462888C043C0042BD4E86DB0F5D6
:1039F000005F20D00DDCA0B1B0F5805F0FD115E0E5
:103A0000EA6CDBF8001021F030011143CBF8001014
:103A1000E8E7B0F5405F13D0B0F5804F10D0012437
:103A20000FE0386840F40030386009E00198002168
:103A300003F088F803E00098002103F013F904462E
:103A40008CB126462888C043800429D4286EB0F55E
:103A5000403F23D010DC08B3B0F5803F14D0B0F560
:103A6000003F0FD115E0EA6DDAF8001021F4E041D3
:103A70001143CAF80010E5E7B0F5802F0ED0B0F57D
:103A8000A02F0BD001240AE00198012103F05AF87D
:103A900003E00098012103F0E5F8044694B12646BE
:103AA0002888C04340042AD4D5F8AC00B0F1405F68
:103AB00023D010DC08B3B0F1805F14D0B0F1005F08
:103AC0000FD115E02A6EDAF8001021F4E02111433D
:103AD000CAF80010E4E7B0F1804F0ED0B0F1A04F6B
:103AE0000BD001240AE00198012103F02BF803E038
:103AF0000098012103F0B6F8044674B126462888E0
:103B0000C04300041FD4E86ED8B1B0F1805F0ED07E
:103B1000B0F1005F10D0012414E0D5F8AC20D8F843
:103B2000001021F0E0411143C8F80010E7E73868C1
:103B300040F40030386004E00198012103F002F8FD
:103B4000044674B126462868C043C0011ED4A86C40
:103B5000D0B101280ED0022811D0032814D001249E
:103B600013E0EA6EDAF8001021F040511143CAF870
:103B70000010E8E7386840F40030386004E001984D
:103B8000022102F0DFFF04466CB126462868C043DC
:103B9000400255D41F48016841F480710160FFF76D
:103BA000E3FB81460EE0AA6CDBF8001021F0030174
:103BB0001143CBF80010E9E7FFF7D6FBA0EB0900B3
:103BC00064283BD813480068C005F5D5BCBBDFF8B6
:103BD0004090B5F8B01009F14409D9F8000001F49B
:103BE000407100F44070884211D0D9F80010D9F823
:103BF000002021F4407142F48032C9F80020D9F845
:103C0000002022F48032C9F80020C9F8001003E037
:103C10002C44025800480258D5F8B000B0F5807F17
:103C200019D1FFF7A1FB029011E000BFFFF79CFB49
:103C30000299411A41F28830814208D9032426466C
:103C40002878DFF81494C043C00721D03CE0D9F8AD
:103C500000008007EAD5D5F8B010C1F30120032891
:103C6000FE480DD0016821F47C510160B5F8B02008
:103C7000D9F80010C2F30B021143C9F80010DFE7B6
:103C8000F74A036802EA111223F47C511143ECE76E
:103C9000A86F182816D005DCA0B1082808D0102875
:103CA00004D10AE020280DD028280BD001240AE0F6
:103CB0000198012102F046FF03E00098012102F083
:103CC000D1FF044664B126462878C04380071ED43D
:103CD000686F062819D2DFE800F0160C11161616C8
:103CE000AA6FD9F8001021F038011143C9F800106B
:103CF000EAE70198012102F025FF03E00098012185
:103D000002F0B0FF04467CB100E00124264628788A
:103D1000C04340071FD4D5F89000062819D2DFE829
:103D200000F0160C111616166A6FD9F8001021F063
:103D300007011143C9F80010E9E70198012102F0D9
:103D400001FF03E00098012102F08CFF0446A4B1BA
:103D500000E0012426462878C04380062BD4D5F8FD
:103D60008C00B0F1405F24D011DC10B3B0F1805F63
:103D700015D0B0F1005F10D116E0D5F89020D8F83A
:103D8000001021F007011143C8F80010E3E7B0F17B
:103D9000804F0ED0B0F1A04F0BD001240AE0019863
:103DA000002102F0CFFE03E00098022102F05AFF4A
:103DB000044694B126462878C04340062BD4D5F853
:103DC0009800B0F5406F24D011DC10B3B0F5806FCF
:103DD00015D0B0F5006F10D116E0D5F88C20D9F8C9
:103DE000001021F0E0411143C9F80010E3E7B0F5FD
:103DF000805F0ED0B0F5A05F0BD001240AE00198DF
:103E0000002102F09FFE03E00098022102F02AFF49
:103E1000044694B126462878C04300062BD4D5F832
:103E20009C00B0F5C04F24D011DC10B3B0F5005F9A
:103E300015D0B0F5804F10D116E0D5F89820D8F8FD
:103E4000001021F4E0511143C8F80010E3E7B0F589
:103E5000004F0ED0B0F5204F0BD001240AE001989E
:103E6000002102F06FFE03E00098022102F0FAFE4A
:103E7000044654B126462878C04300071ED4D5F81E
:103E80008000B0F5805F0AD00FE0D5F89C20D8F80C
:103E9000001021F460411143C8F80010EBE70098CE
:103EA000022102F0DFFE00B10126D5F88020D9F80A
:103EB000001021F440511143C9F800102878C04384
:103EC000C00613D4D5F89400B0F5807F05D10098D2
:103ED000022102F0C7FE00B10126D5F89420D8F8DF
:103EE000001021F440711143C8F800102868C04345
:103EF000000316D4D5F8A00038B1B0F5803F09D042
:103F0000B0F5003F0BD001240AE00198002102F037
:103F100019FE03E00098022102F0A4FE04468CB1D1
:103F200026462868C043400322D4D5F88400B0F563
:103F3000801F11D0B0F5001F13D0B0F5401F15D071
:103F4000012414E0D5F8A020D8F8001021F4403165
:103F50001143C8F80010E4E7386840F400303860D6
:103F600004E00098012102F07DFE04465CB1264683
:103F70002868C043C0031CD4286D70B1B0F5803FE1
:103F800010D0012414E0D5F88420D9F8001021F4D1
:103F900040111143C9F80010EAE7386840F40030D6
:103FA000386004E00198022102F0CCFD0446DCB147
:103FB00026462868C043800005D40098022102F0FC
:103FC00051FE00B101262868C04380031BD4E86F6E
:103FD000B8B1B0F5807F10D0B0F5007F11D0B0F54A
:103FE000407F0ED001240DE02A6DDBF8001021F493
:103FF00080311143CBF80010DBE7386840F4003023
:1040000038607CB326462868C043C00207D42A6FB4
:10401000DAF8001021F000411143CAF800102868B6
:10402000C043800207D4AA6EDAF8001021F0807134
:104030001143CAF800102868C043400009D407485B
:10404000016821F4004101600168D5F8B4201143F2
:1040500001602868C04306E05444025810440258E6
:10406000CFFFFF001DE007D46A6DDBF8001021F0E0
:1040700040511143CBF800102868C043000208D417
:10408000D5F88820D9F8001021F440011143C9F86F
:10409000001028790024C04300F00100204309D01B
:1040A0000EE0EA6FD9F8001021F440711143C9F80D
:1040B0000010A8E70198002102F044FD00B1064677
:1040C0002879C04300F00200204305D10198012166
:1040D00002F038FD00B106462879C04300F0040024
:1040E000204305D10198022102F02CFD00B10646C3
:1040F0002879C04300F00800204305D10098002132
:1041000002F0B0FD00B106462879C04300F010006F
:10411000204305D10098012102F0A4FD00B106461C
:104120002879C04300F02000044304D10098022104
:1041300002F098FD00B916B10120BDE8FE8F002005
:10414000FBE700002DE9F05F04000F467ED0DFF8AA
:104150003882D8F8000000F00F00B8420CD2D8F82E
:10416000001021F00F013943C8F80010D8F8000002
:1041700000F00F00B84269D12078844D40070AD57D
:104180002069296801F07001884204D9296821F06A
:1041900070010143296020787C4E361D00070AD546
:1041A0006069316801F07001884204D9316821F0FA
:1041B0007001014331602078C0060AD5A0693168DA
:1041C00001F4E061884204D9316821F4E0610143DF
:1041D00031602078DFF8B4B180060BF1080B0CD504
:1041E000E1695846DBF8002002F07002914204D9E0
:1041F000026822F070020A430260207880070AD524
:10420000E068296801F00F01884204D9296821F08B
:104210000F01014329602078C0073ED05B49A268A6
:104220002868183920F470601043286060680228FC
:1042300018D0032819D00968012819D04907002986
:104240004ADADFF848A1AAF1080A00E044E0DAF807
:10425000002022F007020243CAF80020FFF784F88A
:10426000814612E009688903E9E709688901E6E700
:10427000C905E4E7FFF778F8A0EB090141F28830BF
:10428000814202D90320BDE8F09F6168DAF800009E
:1042900000F03800B0EBC10FECD1207880070AD5D0
:1042A000E068296801F00F01884204D2296821F0F2
:1042B0000F0101432960D8F80010404601F00F01BA
:1042C000B9420BD9016821F00F0139430160006840
:1042D00000F00F00B84201D00120D4E72078400759
:1042E0000AD52069296801F07001884204D2296842
:1042F00021F0700101432960207800070AD5606928
:10430000316801F07001884204D2316821F07001F7
:10431000014331602078C0060AD5A069316801F4F4
:10432000E061884204D2316821F4E06101433160E8
:10433000207880060CD5E1695846DBF8002002F0B1
:104340007002914204D2026822F070020A430260B5
:1043500000F09AF80E492A682B68C2F3032203F092
:104360000F038A5CC95C02F01F0201F01F01D040FC
:10437000084A20FA01F111600749086007480068FF
:10438000BDE8F05FFFF72CB8002000521844025837
:10439000EC940008140000241000002408000024FD
:1043A00070B5144C3F220260124A24680832131D73
:1043B000114D04F00704446016681C1D06F4706675
:1043C0008660166806F00F06C660126802F070027A
:1043D00002611A6802F0700242611A6802F4E06237
:1043E0008261226802F07002C261286800F00F004A
:1043F000086070BD104402580020005230B500F033
:1044000043F80B4A0B490C4B15681468C5F303229B
:1044100004F00F048A5C095D02F01F0201F01F0125
:10442000D040064A20FA01F119601060084630BDFC
:1044300018440258EC9400081400002410000024D2
:1044400000B5FFF7DBFF05490968054AC1F3021112
:10445000515C01F01F01C84000BD00001C4402581F
:10446000EC94000800B5FFF7C9FF05490968054A43
:10447000C1F30221515C01F01F01C84000BD0000E2
:104480001C440258EC940008454970B54548096839
:10449000434B103B11F0380208D00111082A03D019
:1044A000102A0BD0182A0BD0084670BD196889064F
:1044B000FBD51968C1F3C101C84070BD3A4870BD51
:1044C0003749374D18310C1D24350A6809682668AC
:1044D0002D6802F0030406F00102C1F30511C5F3D3
:1044E000CC0515FB02F200EE102AB8EE400AE9B343
:1044F0002F4ADFED2E0AB7EE001A6CB1DFED2D1A50
:10450000012C01D0022C43D002EE101A1068F8EEF4
:10451000422A81EEA22A1EE01C68A40611D51B685F
:1045200001EE901A1168C3F3C103F8EE612AD84076
:1045300001EE900AC1F30800F8EE611A81EEA22A9A
:104540000BE001EE901ADFED1C2A00BFF8EE611AB5
:10455000106882EEA12AC0F3080001EE900AF8EE7E
:10456000611A40EE201A31EE810A00E015E022EED9
:10457000000A1068C0F34620401C00EE900AF8EED6
:10458000600A80EE201ABCEEC10A10EE100A70BD5F
:1045900001EE901ADFED092AD8E7002070BD000077
:1045A000104402580090D00300366E01000000391C
:1045B000304402580024744A0024744C001BB74B4A
:1045C000F0B50D461F49204C002887B016464FF025
:1045D00000004FF002020F684FF0030319D047F0BC
:1045E00004070F60096801F00401059111020091B0
:1045F000CDE90120CDE9033014486946FEF7A0FD5E
:10460000206845EAC61120F07E400843206007B0CC
:10461000F0BD47F001070F60096801F00101059145
:104620004FF480710091CDE90120CDE903300848B5
:104630006946FEF785FD2068354320F0FE7028436B
:10464000E4E70000E0440258104402580008025811
:10465000000002582DE9F05F04007DD0FF4F207864
:10466000FE4D1837DFF8F483103DC00748D0D8F866
:104670000000396800F03800102815D0182803D140
:1046800001F0030002280FD06068B0F5803F12D01F
:1046900010B1B0F5A02F18D0286820F48030286021
:1046A000286820F4802009E02868800328D5606805
:1046B0000028D2D024E0286840F480302860606868
:1046C00088B1FEF751FE064609E0286840F48020D4
:1046D0002860F0E7FEF748FE801B64287ED8286833
:1046E0008003F7D50CE0FEF73FFE064605E000BF6D
:1046F000FEF73AFE801B6428F0D828688003F7D4C0
:104700002078800756D5D8F80000DFF85093396834
:1047100010F03800A9F10C090ED0182801D1880733
:104720000AD0E068A8B3296821F019010143296083
:10473000FEF71AFE064628E02868400702D5E06822
:1047400000288AD0E168286820F019000843286012
:10475000FEF70AFE064606E0D2E000BFFEF704FEC2
:10476000801B0228BAD828684007F7D5217CD9F8E1
:10477000002022F0FE4242EA0161C9F8001019E06F
:10478000FEF7F2FD801B0228A8D828684007F7D55D
:10479000ECE7FFE7286820F001002860FEF7E4FD61
:1047A000064604E0FEF7E0FD801B022896D8286844
:1047B0004007F7D42078C00646D5D8F80000DFF8C7
:1047C0009C92396800F03800A9F10409082812D039
:1047D000182805D101F00300012800E0CEE00AD03E
:1047E000E0690028286820D040F080002860FEF7AB
:1047F000BBFD064615E02868C00502D5E0698028A3
:104800007ED194F82010D9F8002022F07C5242EAA0
:104810000161C9F8001017E0FEF7A6FD801B022811
:10482000A0D82868C005F7D5EBE720F08000286005
:10483000FEF79AFD064604E0FEF796FD801B02286F
:1048400090D82868C005F7D42078000729D5834878
:104850006169643000298146016811D041F001018D
:104860000160FEF781FD064605E000BFFEF77CFD16
:10487000801B022888D8D9F800008007F6D510E000
:1048800021F001010160FEF76FFD064605E000BF63
:10489000FEF76AFD801B022870D8D9F80000800757
:1048A000F6D42078800623D5A0690028286810D087
:1048B00040F480502860FEF757FD064605E000BF33
:1048C000FEF752FD801B022858D828688004F7D5CF
:1048D0000EE020F480502860FEF746FD064604E016
:1048E000FEF742FD801B022848D828688004F7D4D0
:1048F0002078400751D5DFF86891D9F8001000E022
:1049000015E141F48071C9F80010FEF72DFD06464F
:1049100005E000BFFEF728FD801B64282ED8D9F8DB
:104920000000C005F6D54D4EA068603601280AD0BB
:1049300008B1052813D0306820F0010030603068DD
:1049400020F0040002E0306840F001003060A06810
:1049500041F2883A98B1FEF707FD81460AE03068D7
:1049600040F004003060EEE7FEF7FEFCA0EB09012A
:10497000514503D830688007F6D50EE072E0FEF7A7
:10498000F3FC814606E000BFFEF7EEFCA0EB090158
:10499000514567D830688007F6D4606A00287CD01B
:1049A000DFF8B8A0D8F800100AF1200A4FF6F87B1B
:1049B0000AF10408C1F3C2010329AAF104096DD068
:1049C0000228286820F08070286003D0FEF7CCFC15
:1049D000044681E0FEF7C8FC064604E0FEF7C4FC8E
:1049E000801B022875D828688001F7D4E26A40F25B
:1049F000F331386854F8283F884340EA02101843DE
:104A00003860217B4FF4FE0C22894FF0FE47208A4C
:104A10004902267D521E401EA1F5007189B2C2F3E3
:104A200008021143761E0CEA00400143484607EA9B
:104A300006621143CAF80010D9F8001021F00101F4
:104A4000C9F80010D8F80030266A23EA0B0343EABD
:104A5000C601C8F80010D9F8001004E0104402584C
:104A60000048025835E0A26921F00C011143C9F851
:104A700000100168E26921F0020111430160016840
:104A800041F480310160016841F400310160016846
:104A900041F480210160016801E06CE020E041F018
:104AA00001010160286840F080702860FEF75CFC1E
:104AB000044604E0FEF758FC001B022809D82868C9
:104AC0008001F7D557E000BFFEF74EFC001B02281F
:104AD00002D90320BDE8F09F28688001F4D44AE0A1
:104AE00039680128DAF8000021D0A26A01F0030336
:104AF00093421CD1E26AC1F305118A4217D1216B9E
:104B0000C0F30802491E8A4211D1616BC0F34622EC
:104B1000491E91420BD1A16BC0F30642491E91423E
:104B200005D1E16BC0F30660491E814201D001202E
:104B3000D0E7A16C4646D8F80000C0F3CC00814213
:104B400019D0D9F800004D4620F00100C9F8000046
:104B5000FEF70AFC4FEA0007FEF706FCB842FBD05E
:104B6000A26C306820EA0B0040EAC200306028687E
:104B700040F0010028600020ACE770472DE9F041CB
:104B800004460068002102694369876894F88160DF
:104B900002EA03055FEA035C0AD5120708D58169BA
:104BA00041F400618161204600F045FABDE8F081E2
:104BB00015F0600F08D1680706D5616F2046884759
:104BC000216F20468847012105F04100012805D1C9
:104BD000680703D4216F20468847012105F0220091
:104BE000022806D1680704D4616F2046BDE8F04171
:104BF00008470029DAD128074FF0010859D5206865
:104C0000816941F0080181612068816941F01001EA
:104C100081612068816941F40061816120680169D6
:104C200021F0080101612068806810F4404F1ED017
:104C300021E0E0680F2806D92068616E006B0860EB
:104C4000606E001D0DE0616E0728206804D9008E9B
:104C50000880606E801C04E090F830000870606E80
:104C6000401C6066B4F86A00401EA4F86A00B4F8FC
:104C70006A000028DDD1204602F00EF984F8818018
:104C8000D4F8840018B12046FFF777FF8EE7052E91
:104C900007D0042E09D0032E88D1204600F0CCF98D
:104CA00084E7204600F0C9F980E7204600F0C2F909
:104CB0007CE715F4587FE9D068060AD5D4F884005B
:104CC00040F00400C4F884002068816941F040018C
:104CD0008161A8050AD5D4F8840040F00100C4F829
:104CE00084002068816941F400718161E8050AD57A
:104CF000D4F8840040F00800C4F88400206881697A
:104D000041F480718161A8060AD5D4F8840040F08E
:104D10008000C4F884002068816941F0200181612D
:104D2000D4F884000028B1D0206840F26B32C7F379
:104D300081310368032923F00101016020680169C2
:104D400021EA0201016102D084F881809BE720689A
:104D5000104D816821F440418160E06F50B10565DC
:104D6000E06FFCF7A1FC28B1D4F8840040F04000CB
:104D7000C4F88400A06F002888D00565A06FFCF7F8
:104D800093FC00288CD0D4F8840040F04000C4F894
:104D900084000BE7556F00082DE9F047040029D087
:104DA000594A4FF000092068584B594D9042C4F8B9
:104DB000289006D0984204D0A84202D0E1680F297A
:104DC00018D8E1684FF0010AE76B0831C9080AEB0F
:104DD00057167143904205D0984203D0A84201D0A3
:104DE000082907D8904203D0984201D0A84204D1A4
:104DF000102902D90120BDE8F08794F8810020B97C
:104E0000204684F8809000F085F8022084F8810024
:104E10002068016821F0010101602068A1698268B1
:104E2000B1F1806F02F4F81110D16268B2F5800F11
:104E300001D01AB10AE0A26B22B107E0A26BB2F175
:104E4000805F03D1026842F48052026060684002D1
:104E500009D5E068072806D32068236D026822F48C
:104E600080721A4303E02068026822F480720260B4
:104E7000A66AE069E26B25683043E3680A431043A1
:104E80001843A860D4E90D02D4E90581636A256955
:104E90001843D4F820C00A43266810432843A56D60
:104EA000D4E90172D4E9123140EA080040EA0C006A
:104EB00038430843104318432843F060606868B9DA
:104EC0002068816821F4C05141F40061816020684C
:104ED000816821F4C06141F4806181602068016DC6
:104EE00021F0010101656068400206D52068626D0D
:104EF000C16821F000411143C160C4F8849084F876
:104F000081A0002077E70000003001400038004019
:104F1000003C00402DE9F041B4B0074614212EA812
:104F2000FBF7F1FAB8216846FBF7EDFA3B49386820
:104F300088426FD18114002017900446CDE90010FB
:104F40006846FEF761FC08B1FCF748F83448016890
:104F500041F480410160006800F4804033903048A3
:104F60000838016841F004010160016801F00401A2
:104F70003391016841F002010160006805260225B5
:104F800000F00200339006202E90CDE92F542548E2
:104F90002EA9CDE93146FEF7D3F828032E90CDE9AE
:104FA0002F5421482EA9CDE93146FEF7C9F81F4EEE
:104FB00027221F494FF48068304686E81600C6E96C
:104FC00003487461B461F46134627462FDF722F8DD
:104FD00008B1FCF703F8154D282215494023783510
:104FE000FE671831B763284685E81E016C61AC6125
:104FF000EC612C626C62FDF70DF808B1FBF7EEFF77
:105000000022BD6724201146AF63FEF74BFA24202F
:10501000FEF73AFA34B0BDE8F081000000380040F5
:10502000E84402580008025800040258E80100242D
:10503000400002407047704770477047024A13684B
:1050400083430B4313607047040400587047704754
:1050500070470000F0B590F83C20012A43D00122AF
:1050600080F83C20D1E90242204ECD6922F4407202
:105070002243D1E9004322F480621A4322F4006201
:105080002243D1E9043422F480521A430B6B22F4F8
:10509000005222430C8B22F480421A43036822F40C
:1050A000702242EA0442002422F08052B34242EAD3
:1050B000050202D00E4DAB4210D10F8D22F4700CC0
:1050C000D1E90862CD6A4CEA075121F08071314381
:1050D00021F00071114321F000522A435A6480F8F4
:1050E0003C400020F0BD0220F0BD00000000014067
:1050F00000040140F0B590F83C20012A41D0224E36
:10510000012480F83C40022280F83D2002681F4DB7
:105110005368B242D2F808C001D0AA4203D14F6806
:1051200023F470033B430F6823F070031F43576061
:105130000268B24219D0B2F1804F16D0144B9A4295
:1051400013D0144B9A4210D0134B9A420DD0AA425E
:105150000BD0124B9A4208D0114B9A4205D0114BFA
:105160009A4202D0104B9A4204D189682CF08003F5
:1051700019439160002180F83D4080F83C100846BA
:10518000F0BD0220F0BD000000000140000401401D
:105190000004004000080040000C004000180040DF
:1051A0000040014000E0004000E4004010B5040071
:1051B00003D094F83D0010B107E0012010BD00209D
:1051C00084F83C00204600F022F8022084F83D00DC
:1051D0002068211D02F0F0F8012084F8480084F8CE
:1051E0003E0084F83F0084F8400084F8410084F8D1
:1051F000420084F8430084F8440084F8450084F8B1
:10520000460084F8470084F83D00002010BD704738
:1052100090F83D10012901D0012070471A4A02215F
:1052200080F83D100168CB6843F00103CB60006853
:1052300090421AD0B0F1804F17D01449884214D050
:105240001349884211D0134988420ED0124988422E
:105250000BD01249884208D01149884205D0114923
:10526000884202D01049884207D181680F4A114014
:10527000062906D0B1F5803F03D0016841F0010155
:105280000160002070470000000001400004004061
:1052900000080040000C00400004014000180040DD
:1052A0000040014000E0004000E400400700010031
:1052B00070472DE9F041044600680027C66805697B
:1052C000A90713D5B10711D5FA1E02610121217773
:1052D000206880698007204602D0FFF7E9FF04E0DC
:1052E00000F0CCF8204600F0A7F92777680716D51C
:1052F000700714D5226802206FF004011161207735
:105300002068806910F4407F204602D0FFF7D0FF6C
:1053100004E000F0B3F8204600F08EF92777280764
:1053200015D5300713D5226804206FF008011161EC
:1053300020772068C0698007204602D0FFF7B8FFB9
:1053400004E000F09BF8204600F076F92777E806A5
:1053500016D5F00614D5226808206FF010011161EF
:1053600020772068C06910F4407F204602D0FFF704
:105370009FFF04E000F082F8204600F05DF92777F7
:10538000E80708D0F00706D021686FF00100086137
:10539000204600F0E5F9280601D4A80408D5300617
:1053A00006D521686FF4025008612046FFF74FFED2
:1053B000E80508D5300606D521686FF480700861CD
:1053C0002046FFF743FE680608D5700606D521681B
:1053D0006FF040000861204600F0CCF9A8060AD51D
:1053E000B00608D521686FF0200008612046BDE8AE
:1053F000F041FFF72DBEBDE8F081000030B587B069
:10540000044614216846FBF77EF824680021184DF5
:105410000220164A0123AC4210D1146844F0100453
:105420001460126802F01002059202030092CDE9A6
:105430000101CDE903130F48694612E0B4F1804F32
:1054400011D1146844F001041460126802F00102E2
:10545000059204220092CDE90101CDE9031306482B
:105460006946FDF76DFE07B030BD0000E04402580C
:10547000000001400010025800000258704770B54B
:10548000044690F83C0000260D4601280BD0012070
:1054900084F83C000C2A4AD007DC82B1042A20D0D0
:1054A000082A06D131E0022070BD102A53D0142AF8
:1054B00063D00126002084F83C00304670BD20688F
:1054C00001F0F8FF2068816941F0080181612068DE
:1054D000816921F00401816120682A698169114391
:1054E00011E0206802F038F82068816941F4006119
:1054F00081612068816921F4806181612068296966
:10550000826942EA01218161D4E7206802F070F8E3
:105510002068C16941F00801C1612068C16921F0BA
:105520000401C16120682A69C169114311E0206842
:1055300002F0AAF82068C16941F40061C1612068E5
:10554000C16921F48061C16120682969C26942EAA8
:105550000121C161AEE7206802F0D2F82068416DF8
:1055600041F0080141652068416D21F00401416569
:1055700020682A69416D114311E0206802F0FAF8B1
:105580002068416D41F4006141652068416D21F45E
:105590008061416520682969426D42EA01214165C7
:1055A00088E710B5040003D094F83D0010B107E07F
:1055B000012010BD002084F83C00204600F022F8B5
:1055C000022084F83D002068211D01F0F5FE012035
:1055D00084F8480084F83E0084F83F0084F84000D6
:1055E00084F8410084F8420084F8430084F84400C1
:1055F00084F8450084F8460084F8470084F83D00AC
:10560000002010BD08B500680949884201D1094849
:1056100004E0B0F1804F09D106480838016841F034
:1056200001010160006800F00100009008BD000069
:1056300000000140F04402587047000030B50446B5
:105640004FF0020269B1042912D0082917D00C29A1
:105650001CD0102921D094F84300012824D0012027
:1056600030BD94F83E000128F9D184F83E201DE0B9
:1056700094F83F000128F2D184F83F2016E094F816
:1056800040000128EBD184F840200FE094F841005D
:105690000128E4D184F8412008E094F84200012870
:1056A000DDD184F8422001E084F843200122206803
:1056B00001F0F2FE1E4920681E4A1F4B884209D0A5
:1056C000904207D0984205D01C4DA84202D01C4DF4
:1056D000A84203D1456C45F40045456420688842E2
:1056E00018D0B0F1804F15D01649884212D0164913
:1056F00088420FD0154988420CD090420AD01449F4
:10570000884207D0984205D01249884202D01249F7
:10571000884207D18168114A1140062906D0B1F5A7
:10572000803F03D0016841F001010160002030BDDD
:1057300000000140000401400040014000440140DD
:10574000004801400004004000080040000C0040F8
:105750000018004000E0004000E4004007000100A5
:1057600000680349884201D1FDF704BE704700007C
:1057700000040040704730B590F88410012918D01B
:10578000012280F884202421C0F8881000222024DF
:1057900001680B680D6823F0005325F001050D60CA
:1057A000426601680B60C0F8884080F8842010468B
:1057B00030BD022030BD10B50446D0F88C00202842
:1057C00001D0022010BD61B15AB10123E36600206F
:1057D0002067204602F094FB0028F3D1E16E0129F6
:1057E00001D0012010BD226810211162226852E808
:1057F000001F41F0100142E80013002BF6D110BD4C
:1058000070B559492DED0A8B006888427ED1574802
:105810009FED570ADFED570A9FED57AAB0F90640F2
:10582000B0F9081001EE104A01EE901AB0F90230FA
:10583000F8EEC12AF8EEE13AB0F90020B0F9040020
:1058400082EE802A01EE102A01EE903AB8EEC13ABB
:1058500001EE100AF8EEE11AC3EE802AB8EEC10A92
:1058600062EE0ABA83EE208A22EE8A9AC1EEA0AADC
:1058700080EE20BADFED419A79EEC98AB0EE680A6F
:1058800002F09CFE9FED3ECAF0EE480A60EE0CCAA4
:10589000B0EE6A0A02F066FD02F090FE0CEEC08ADD
:1058A000B0EE680A02F08AFE20EE0CCAF0EE480A5A
:1058B000B0EE6A0A02F056FD03F0E8FAF0EE400A94
:1058C000B0EE6A0A7AEE6B8A0CEE600AF5EEC08AD8
:1058D000F0EE400AF1EE10FA3ADB18EE901A294881
:1058E000814235DC39EE691A9FED270A71EE009A84
:1058F000F5EEC09AF1EE10FA2ADB19EE901A814209
:1059000026DC224D95F8700010BB00E029E0204C09
:1059100094F84001E0B994F89800C8B904F1B402D1
:10592000F0EE491AB0EE4B1AB0EE480A05F110013C
:10593000A2F1A800FAF764FE1649012085F870006C
:1059400084F8400184F89800C1ED038AC1ED079AFC
:1059500006490A221048BDEC0A8BBDE87040FFF7EB
:105960002ABFBDEC0A8B70BD001001404005002429
:10597000000034430000C842D00F4940D00FC93F57
:105980008CDBA83DD00F4940CDCCCC3E7005002427
:10599000F00500244C05002470030024704770B506
:1059A000044690F8840001281DD0012284F8842048
:1059B0002420C4F8880020680568026822F00102EB
:1059C00002602068826822F060620A43826020469A
:1059D00001F00AFF2268202100201560C4F8881019
:1059E00084F8840070BD022070BD70B5044690F844
:1059F000840001281DD0012284F884202420C4F8CA
:105A0000880020680568026822F0010202602068B0
:105A1000826822F060420A438260204601F0E4FE80
:105A20002268202100201560C4F8881084F88400C2
:105A300070BD022070BD7047704770472DE9F0417E
:105A400007680025044640F60F030226F869396806
:105A5000BA6818420AD183067ED501F0200302F00D
:105A6000805C53EA0C0377D0616F7EE1D44BDFF8A2
:105A700054C3134001EA0C0C53EA0C0C6CD05FEADF
:105A8000C07C0CD05FEAC15C09D54FF0010CC7F8AF
:105A900020C0D4F8907047F00107C4F890708707D1
:105AA00009D5D70707D027683E62D4F8906046F042
:105AB0000406C4F8906046070AD5D60708D02768C0
:105AC00004263E62D4F8906046F00206C4F8906066
:105AD00006070CD501F020061E4308D026680823CF
:105AE0003362D4F8903043F00803C4F890300305D3
:105AF0000BD54B0109D526684FF400633362D4F807
:105B0000903043F02003C4F89030D4F89030002B4C
:105B10003DD0800609D501F0200002F080510843F5
:105B200003D0616F09B1204688472168D4F89000FE
:105B30008968490602D410F0280F2AD0204601F0C7
:105B4000AFFF2068806840061ED52068083050E806
:105B5000001F21F0400100E021E040E80012002A8F
:105B6000F3D1D4F8800078B197490165D4F880006A
:105B7000FBF79AFD00280AD0D4F88000016D00E000
:105B80002046BDE8F04108472046FFF756FFBDE834
:105B9000F0812046FFF751FFC4F89050F7E7D4F8A2
:105BA0006CC02023BCF1010F7ED15FEAC06C7BD5B5
:105BB0005FEAC16C78D510203862206880684006A2
:105BC00073D5D4F8802081491068884234D07F4949
:105BD0001831884230D07D49303188422CD07B4901
:105BE0004831884228D079496031884224D07749A9
:105BF0007831884220D07549903188421CD0734951
:105C0000A831884218D07249884215D0704918319D
:105C1000884211D06E49303188420DD06C494831EC
:105C2000884209D06A496031884205D06849783194
:105C3000884201D06649903140684FF48077000473
:105C4000000C40D0B4F85C1081423CD9A4F85E004E
:105C5000D069B8422FD0216851E8000F20F480703D
:105C600041E80002002AF6D12068083050E8001F01
:105C700021F0010140E80012002AF5D12068083027
:105C800050E8001F21F0400140E80012002AF5D141
:105C9000C4F88C30E566206850E8001F21F0100140
:105CA00040E80012002A01E04AE019E0F3D1D4F8FC
:105CB0008000FBF749FB2667B4F85C00B4F85E107F
:105CC000401A81B208E0B4F85C1081427FF466AFFC
:105CD000D069B842FAD126672046FFF791FD56E712
:105CE000B4F85C00B4F85E10B4F85E20401A81B2DB
:105CF000002AF4D00029F2D0226852E8000F20F4E4
:105D0000907042E80007002FF6D1324F206800F172
:105D1000080050E8002F02EA070240E8002CBCF11E
:105D2000000FF3D1C4F88C30E5666567226852E84D
:105D3000000F20F0100042E80003002BF6D1CAE764
:105D4000C60209D5560207D54FF4801038622046A6
:105D5000BDE8F041FFF770BE06060AD501F08006E7
:105D600002F40002164304D0A16F00297FF408AFAB
:105D70000DE7420611D54A060FD52046016851E8C5
:105D8000002F22F0400241E80024002CF6D1C0F898
:105D90008830856700F0D6F8F9E6020206D54A0099
:105DA00004D52046BDE8F041FFF745BEC00196D5B9
:105DB000002994DA2046BDE8F041FFF7EFBD00006E
:105DC00001000010200100049F790008100002402B
:105DD00010040240FEFFFFEF10B5040003D0D4F81A
:105DE000880010B107E0012010BD002084F8840075
:105DF000204600F027F82420C4F8880020680168B5
:105E000021F001010160A06A10B1204601F00EFDF1
:105E1000204601F087FE0128E6D02068416821F481
:105E2000904141602068816821F02A0181602068EA
:105E3000016841F0010101602046BDE8104001F019
:105E400059BD00002DE9F041B4B0074614212EA839
:105E5000FAF759FBB8216846FAF755FB3349386819
:105E600088425FD100201E9001210446CDE9001038
:105E70006846FDF7C9FC08B1FBF7B0F82C4801688B
:105E800041F010010160006800F0100033902848D4
:105E90001038016841F00101016000682EAB022159
:105EA00000F0010033904FF4C060072283E8130034
:105EB00020482EA9CDE93142FDF742F91E4E292294
:105EC0001E494FF48068304686E81600C6E903484C
:105ED0007461B461F46134627462FCF79BF808B1D8
:105EE000FBF77CF8144D2A22144940237835C7F873
:105EF00080601831B763284685E81E016C61AC618B
:105F0000EC612C626C62FCF785F808B1FBF766F86F
:105F10000022FD6725201146AF63FDF7C3FA252057
:105F2000FDF7B2FA34B0BDE8F08100000010014086
:105F3000F0440258000002580404002410000240FB
:105F4000704770477047FEE710B50C4C08210D48AC
:105F500003229FED0B0A0C4BC4E90101227084ED72
:105F6000030AC4E90531227484ED070AFFF766FBD2
:105F7000D4E90501BDE81040FFF760BB4C050024E3
:105F8000C3F5C83FD8020024240300247FB510487D
:105F900000240078002819D00E4D00BF05EB041333
:105FA000187803280BD193E807008DE8070093EDDC
:105FB000030A8DED030A10EE103A00F00DF80120EF
:105FC000FCF754FB641CE4B2022CE7D37FBD000055
:105FD000180000244C0500240FB59DED030AB5EE12
:105FE000C00AF1EE10FA26DB9DED030A1B4910EE04
:105FF000100A88421FDCDDED031A9FED192A9FED80
:10600000191A9FED190AC1EE820A0298002800EEC3
:10601000810ABCEEC00A10EE100A80B20CD00299C0
:1060200004290DD008290FD00C2911D0102901996D
:10603000096811D0C8650FBD0199096848630FBD93
:106040000199096888630FBD01990968C8630FBD8C
:106050000199096808640FBD88650FBDD00F4940DC
:10606000D00F49400000FA440000FA43F0B5354C27
:1060700089B0374E4FF4A6719FED362A0025666031
:10608000C81E218102272570B2EE0F1A84ED032A63
:10609000B7EE080ADFED2C0A84ED191A84ED1B0A0D
:1060A0003349C4ED1D0AC4F8AC102021DFED2A2AC3
:1060B000A4F8B00068469FED293A84F8A870DFED97
:1060C000283AC4ED342A9FED274A84ED3D3ADFEDAE
:1060D000264AC4ED353A9FED255A84ED3E4ADFED60
:1060E0001B1AC4ED334A84ED3C5AC4ED361AC4ED94
:1060F0003F1A84ED431A84ED450AC4ED470AFAF7C6
:1061000002FA012040F24F124FF4A071CDE902577C
:10611000CDE90050CDE9041269463046FCF730FB6A
:10612000D4F8AC006946FCF72BFB60680022102114
:10613000FCF7AEFAD4F8AC0000221021FCF7A8FA64
:1061400009B0F0BDF00500246666E63E00000000E0
:1061500020000024C3F548400000C9420000D2429C
:10616000CDCC7C40D7A3A03FAE47E13D0AD7A33CAE
:10617000C00000242DE9F04F2DED068BDFB0DFEDE0
:10618000B58AB54A5FF00000B0EE688A02EBC01134
:106190000978012969D0401C10F0FF00F6D030A822
:1061A00000260146DFEDAD9A9FEDADAA48AADFF8C3
:1061B000B48234A8DFF8B092DFF8B0A201F1100B7E
:1061C000CDE95D0201F16000CDF87001C6EBC600BB
:1061D000582200EB400730A808EBC7042146FAF725
:1061E00060F9A06D04F160054690482294ED170A0D
:1061F00029468DED470A5E98FAF753F95D99982282
:106200006846FAF74EF90DF1C00C9CE80F0000F05B
:1062100071F90220FCF72AFA5822214630A8FAF731
:1062200040F9A06D48224690294694ED170A8DED5D
:10623000470A5C98FAF735F9982259466846FAF702
:1062400030F90DF1C00C9CE80F0000F065F9022058
:10625000FCF70CFAD4E92810143970F100007DD352
:1062600018F83700022805D09DE002EBC01090ED31
:10627000058A94E7D4ED030A94ED040A284600F059
:1062800077FE94F89800C0B3D4ED1F0AD4ED211A1C
:1062900094ED200A94ED1C1A04F1100040EE210A3E
:1062A00020EE010A84ED070AC4ED050A5B9000F0B8
:1062B00003FC94ED040A30EE290A00F02BFCB0EE4A
:1062C000409A3AEE480A00F025FCF0EE490AFBF746
:1062D00029F85822214684ED080A30A8FAF7E1F897
:1062E000A06D4822469048A894ED170A29468DEDE6
:1062F000470AFAF7D6F85B992EE0FFE794ED030A18
:10630000C4ED108A84ED0E0A04F134005A9000F0B6
:10631000D3FB94ED0D0A30EE290A00F0FBFBB0EE42
:10632000409A3AEE480A00F0F5FBF0EE490AFAF717
:10633000F9FF5822214684ED110A30A8FAF7B1F886
:10634000A06D4822469048A894ED170A29468DED85
:10635000470AFAF7A6F85A99242200E070E026A826
:10636000FAF79FF89822684634A9FAF79AF80DF1DF
:10637000C00C9CE80F0000F05BF994ED0D0AD4ED21
:10638000030A30EE600AB0EEC00A10EE101A49455A
:1063900009DC9AF80210504629B94178022902D145
:1063A00001218AF8021018F83700E0BBD4ED030A87
:1063B00094ED040A284600F0DBFD94F8980030B113
:1063C00004F17C0090EC030A00EE810A01E094EDF8
:1063D000030A5822214684ED170A30A8FAF761F81B
:1063E000A06D4822469048A894ED170A29468DEDE5
:1063F000470AFAF756F89822684634A9FAF751F88E
:1064000030AF97E80F0000F033F894ED160AD4EDA2
:10641000030A30EE600AB0EEC00A10EE101A4945C9
:106420000BDC504600E008E09AF8001029B98178AA
:10643000022902D101218AF800100120FCF716F987
:10644000761CF6B2022EFFF4C1AE5FB0BDEC068B37
:10645000BDE8F08F00000000700500246B8E9C40AA
:10646000DCCB9640F0050024CDCCCC3D18000024B8
:106470000FB400201E49B6EE081A1CB5DFED190A4C
:10648000A322009001909DED1B0A30EE011A9FEDB2
:10649000160A61EE201A9FED151AC1EE800AB2EEBF
:1064A000040A60EE810A20EE800ABDEEC00A10EEFA
:1064B000100A08608DF80400010A8DF80020020C13
:1064C0008DF80510030E8DF806208DF8073008238F
:1064D000BDF818106A460598FAF7C2FE1CBC5DF8B4
:1064E00014FB000000003443D00F49400000C842B4
:1064F0001C0000240FB4002092211CB508236A461A
:10650000009001908DF80010BDF818100598FAF76A
:10651000A7FE1CBC5DF814FB0FB400209C211CB529
:1065200008236A46009001908DF80010BDF81810FD
:106530000598FAF795FE1CBC5DF814FB2DE9F041B7
:106540002DED028BDDE90F24089B6568854261D142
:10655000208981425ED1082B5CD110789FED2F8A73
:10656000922802D09C283ED04DE0D0789778D2F87F
:106570000530060A11795578000641EA03213143B6
:1065800040EA074041EA174140EA052041EA156127
:1065900040F0920002F071FE00EE100ADFED201ACA
:1065A000DFED200A9FED201A20EE210A60EE081A86
:1065B00081EEA00AC0EE010A20EE880A84ED040AEA
:1065C000207810B1022805D008E0F6EE080A30EE77
:1065D000600A01E000F09EFA84ED040A84ED160AD8
:1065E00084ED0D0A0FE0B2F90400DFED100A00EEB1
:1065F000100AB8EEC00A20EE081A81EE200A84EDD7
:10660000060A84ED0F0AF4E92801401C41F100015B
:10661000C4E90001BDEC028BBDE8F081D00F494018
:106620000AD7233C0000FA45000034430000E1444F
:106630000FB418491CB59DED360A10EE100A8842B9
:1066400002D39FED150A08E0F0EE400A10EE900A22
:106650001249884201DB9FED120ADFED120A002089
:1066600000900190A12120EE200A8DF8001008234F
:106670006A46BDEEC00A10EE100A8DF80400010A49
:106680008DF80510BDF818100598FAF7E9FD1CBC47
:106690005DF814FB000004C2000004C200000442C4
:1066A000000004420E3E7842154808B5016841F0EA
:1066B0000101016000680022114600F00100009015
:1066C0000B20FCF7EFFE0B20FCF7DEFE00220C2077
:1066D0001146FCF7E7FE0C20FCF7D6FE00220D2049
:1066E0001146FCF7DFFE0D20FCF7CEFE00220E2047
:1066F0001146FCF7D7FEBDE808400E20FCF7C4BEEB
:10670000D8440258194800212DE9F041164F0625BA
:1067100081600E2607600A27C160052401740323E7
:10672000417404228174C661C0E90557C0E9084577
:10673000C0E90A4602278763C0E90C41C0E90F138C
:10674000C0E91123C0E91321C0E91521C0E91713DD
:10675000C0E91912FCF7AEFA002803D0BDE8F041F9
:10676000FAF73CBCBDE8F08100A000402000002406
:106770001B4800212DE9F041184E0E2581604FF095
:10678000060C06600A26C1600524017403234174C7
:10679000042281740227C0F814C0C0E90665C0E96C
:1067A000084CC0E90A45C0E90F13C0E91123C0E94C
:1067B0001321C0E91521C0E91713C0E919123030BF
:1067C000260280E8D0003038FCF774FA002803D0A5
:1067D000BDE8F041FAF702BCBDE8F08100A400403A
:1067E000C000002470B586B014216846F9F78BFE0E
:1067F0002948016841F004010160016801F00401C9
:106800000591016841F080010160016801F080019B
:106810000591016841F001010160016801F0010189
:106820000591016841F010010160016801F010015B
:106830000591016841F002010160016801F0020167
:106840000591016841F00801016000684EF20905F8
:10685000124E012200F00800294605903046FCF750
:106860007DFD0024009501206946CDE901043046F4
:106870000394FCF765FC02214FF480708DE813004F
:106880000748694603940494FCF75AFC002130043D
:10689000FEF7D4FB06B070BDE04402580008025871
:1068A0000000025870B5144807234FF48004114DBE
:1068B00000212201C0E902130161C0E90512C16192
:1068C0005201016241628162C16241638163C163BD
:1068D000016441648164C164C0E914128165C0E946
:1068E0000054FEF759FA002803D0BDE87040FAF7CB
:1068F00075BB70BD003800406001002430B597B012
:1069000000241C210DA8149415941694F9F7FBFD8E
:1069100034216846F9F7F7FD2448EF222249802503
:1069200044F61F6380E81600C0E90334C0E905455A
:10693000FEF737FE08B1FAF751FB1C4814A914946E
:1069400015941694FEF7D6FB08B1FAF747FB0DAA8B
:1069500040F2DC51602082E81300144808220DA99F
:106960001094119412941394FEF789FD08B1FAF76C
:1069700035FB4FF400500094039401030194CDE9DA
:1069800004400294CDE908410848694606940A94F7
:106990000C94FEF75FFB08B1FAF720FB0348FEF703
:1069A0002DFD17B030BD000000000140D8020024CA
:1069B00010B58AB0002468461C21079408940994F5
:1069C000F9F7A1FD164844F61F61EF224FF080430E
:1069D000C0E9024104618461C0E90032FEF7E1FDD3
:1069E00008B1FAF7FBFA0E4807A907940994FEF7D5
:1069F00081FB08B1FAF7F2FA602040F2DC518DE831
:106A000013000748082269460494FEF738FD08B1D0
:106A1000FAF7E4FA0248FEF7F1FC0AB010BD0000F4
:106A2000240300241848002110B5164C0C224FF402
:106A3000E1330460C0E90131C160C0E90412816141
:106A4000C161016241628162FFF7C6F908B1FAF7DC
:106A5000C5FA0D480021FEF7C8FF08B1FAF7BEFAE3
:106A600009480021FEF79BFF08B1FAF7B7FA06487C
:106A7000FEF781FE002803D0BDE81040FAF7AEBA59
:106A800010BD00000010014070030024FEE700006C
:106A900010B5FFF759FAFAF7CFF8FFF7E7FA04480D
:106AA000FCF72AFBBDE810400248FCF725BB0000BC
:106AB00020000024C000002490ED011A90ED003A5F
:106AC000D0ED062AD0ED030A31EE431A90ED020A0A
:106AD000D0ED071A90ED042A30EEC03A21EE221ACA
:106AE000F0EEC00A10EE901A084A01EE831A9142A5
:106AF00031EE021A80ED081A07DBC0EE201A90ED85
:106B0000050A01EE801A80ED081A70476F12833A69
:106B1000FEE7000010B52DED028B9FED088AF0EE28
:106B2000480A01F02FFEB5EEC00AF1EE10FA01D2CC
:106B300030EE080ABDEC028B10BD0000D00FC9403A
:106B4000704700002DE9F047454D044689464FF057
:106B5000000A2868C04380070AD0414E283E3068AA
:106B600020F080603060FCF7FFFB0746B04608E08D
:106B70000120BDE8F08700BFFCF7F6FBC01B022830
:106B800067D8D8F800000001F6D4206829684FF4CF
:106B9000FE0721F47C313E0241EA00302860207A71
:106BA000A389B4F804C040022D4D2D495B1E227C00
:106BB000ACF1010C1035091DA0F5007080B2521E19
:106BC000CCF3080C07EA034340EA0C00184306EA3A
:106BD0000262104328600868626920F0C000104318
:106BE00008600A68A06922F0200202430A60281D9A
:106BF0000A6822F010020A6002684FF6F873E4692E
:106C00009A4342EAC40202600868B9F1000F40F0FA
:106C100010020A6011D00868B9F1010F11D040F4D8
:106C200000100860D8F80000444640F08060C8F8C2
:106C30000000FCF799FB05460DE0086840F40020D1
:106C4000EFE740F48010ECE7FCF78EFB401B0228D6
:106C500001D903208DE720680001F5D5504688E76B
:106C6000284402582DE9F047454D044689464FF027
:106C7000000A2868C04380070AD0414E283E306889
:106C800020F080503060FCF76FFB0746B04608E00C
:106C90000120BDE8F08700BFFCF766FBC01B02289F
:106CA00067D8D8F800008000F6D4208829684FF40F
:106CB000FE0721F07C713E0241EA00502860207AF4
:106CC000A389B4F804C040022D4D2D495B1E227CDF
:106CD000ACF1010C1835091DA0F5007080B2521EF0
:106CE000CCF3080C07EA034340EA0C00184306EA19
:106CF0000262104328600868626920F44060104313
:106D000008600A68A06922F4007202430A60281D24
:106D10000A6822F480720A6002684FF6F873E46928
:106D20009A4342EAC40202600868B9F1000F40F4D5
:106D300080720A6011D00868B9F1010F11D040F0DB
:106D400080700860D8F80000444640F08050C8F8D1
:106D50000000FCF709FB05460DE0086840F48000E0
:106D6000EFE740F40000ECE7FCF7FEFA401B0228D6
:106D700001D903208DE720688000F5D5504688E7CB
:106D8000284402582DE9F0412A4D01262B4C0227B8
:106D90002DED028B68789FED288A10B101280BD069
:106DA0000FE0D4E9521081F01301014309D194EDB1
:106DB000370A84ED2D0A04E084ED2D8A84F84061C1
:106DC0006F70A87810B1012814D028E0D4E9280108
:106DD0000F22821A71F1000221D313230022181A04
:106DE0008A411CD3E878D0B994ED160A84ED030AE1
:106DF000EE7014E09FED121AD4ED160A80EE810AAF
:106E000001F084FCB0EE001ADFED0E0A20EE010A5C
:106E100000EE208A84ED038A84F89860AF70FFF753
:106E2000B5F8F9F76DFFBDEC028BBDE8F041FFF757
:106E3000A1B9000018000024C3F5C83FF0050024E4
:106E4000D00FC940D00F494070B59CB0FFF720FE6D
:106E500040F2DC50FBF70AFC0B4E0024702268461F
:106E600006EBC41505F11001F9F71BFB95E80F00BF
:106E7000F9F728FF641C14F0FF04EFD01CB0BDE844
:106E80007040F9F7B3BB0000700500240148FDF71E
:106E900075BE00006001002410B5026840F26F3337
:106EA0005169946944F0080494610268946944F05B
:106EB000100494610268146824F0010414600268EC
:106EC00014699C4314610268936823F440439360FF
:106ED00090F88120042A0CD08A060AD5D0F88420A4
:106EE00042F08002C0F884200268936943F02003D6
:106EF000936190F88120032A0CD04A060AD5D0F875
:106F0000842042F00402C0F884200268936943F0B0
:106F1000400393618A050AD5D0F8842042F001022B
:106F2000C0F884200268936943F400739361C90533
:106F30000AD5D0F8841041F00801C0F88410016827
:106F40008A6942F480728A610021A0F86210A0F878
:106F50006A1010BD10B5806B00210122A0F86A10E4
:106F6000A0F8621080F88120FDF707FE10BD704781
:106F700070B504462DED028BF0EE608AB0EE408ACB
:106F8000FCF7F2F9226894F83810801A00EE100A23
:106F90000625DFEDA31ADFEDA30AB8EE400A0026AE
:106FA000092920EE201A0CD2DFE801F0050C20435D
:106FB000609EB6D9F900C4ED021AC4ED041AC4EDFE
:106FC000091A09E138EEC80A84ED078A84ED060A39
:106FD000B5EEC00AF1EE10FA02DBB7EE000A01E0EE
:106FE000BFEE000A022084ED080AD4E0D4ED020AC4
:106FF000D4ED012A94ED040A94ED032A42EE810AAD
:10700000D4ED091AC4ED020A00EE810AF4EEC20AB8
:10701000F1EE10FA40EE011A84ED040AC4ED091AEB
:1070200079DB84ED022AC4ED0C1A032084ED0D0AED
:10703000B1E094ED040AD4ED022AD4ED051A94EDE2
:107040000D2A02EE810AD4ED090A71EEC21A84ED0E
:10705000040A40EE010AF4EEC01AF1EE10FAC4ED93
:10706000090A58D80420C4ED0B0A94E094ED020AF2
:10707000D4ED012A94ED042AD4ED090A02EEC10AE6
:1070800084ED020A00EE012AB5EEC00AF1EE10FA14
:1070900042EE010A84ED042AC4ED090A3BD894EDBE
:1070A000061A94ED050AC4ED0A0AC4ED021A84ED2D
:1070B000040AB0EEC18AF0EE000A01F0BBFBD4ED89
:1070C000051AD4ED030A94ED011A20EEA12AC0EEB0
:1070D000201A82EE010A31EE800AB4EEC08AF1EE87
:1070E00010FA16DB052056E094ED090A94ED042A07
:1070F000D4ED061AD4ED0A0A02EE010AB0EEE11A46
:1071000071EE600A84ED090AF4EEC00AF1EE10FA9D
:1071100062D884F838505FE094ED020A94ED013AA9
:10712000D4ED040AD4ED091A03EE410AD4ED062A7F
:1071300094ED0B2AF0EEE22A84ED020A40EE010AF9
:1071400032EEC22AC4ED040A40EE811AC4ED091AD7
:10715000B4EEE12AF1EE10FA3ED807201BE094EDE0
:10716000040AD4ED022AD4ED090A94ED062A02EEAF
:10717000810AD4ED0C1AB0EEC22A84ED040A40EE66
:10718000010A32EE611AC4ED090AB4EEE01AF1EE1A
:1071900010FA21D8082084F838001DE0FFE7D4ED6C
:1071A000020AD4ED012A94ED040A94ED092A42EE74
:1071B000810AC4ED020A00EE810A84ED040A00EEA1
:1071C000012AB5EEC00AF1EE10FA84ED092A03D8BF
:1071D000C4ED041A84F83860D4ED060A94ED090A67
:1071E0001149F0EEE00A30EE600AF0EEC00A10EE4F
:1071F000900A88420BDDD4ED040AF5EEC00AF1EEE8
:1072000010FA04D3B5EEC00AF1EE10FA01DB84F8EF
:107210003860FCF7A9F82060BDEC028B70BD00005F
:10722000000000006F12833AA69B443B70470000A9
:10723000F0B59DB04C216846F9F765F9202113A8F7
:10724000F9F761F90220FCF75FF92148016821F4A0
:10725000404101600168002501F440411B91016833
:107260008904FCD5022009900327C2034024012190
:10727000CDE9007228230A90CDE903140D91042270
:10728000CDE90B030C261295CDE90E20CDE9106552
:107290006846FDF7DFF908B172B6FEE708211595DB
:1072A000CDE91614CA011A943F200321CDE91842F2
:1072B000CDE9130713A8FCF745FF08B172B6FEE746
:1072C00000214FF480220846FDF77AF91DB0F0BD89
:1072D000184802582D48F0B52D4A016841F4700154
:1072E0000160106800F00F00072804D2106820F039
:1072F0000F00C01D106027490020264C10340B6879
:10730000254D43F001030B6020600B682B400B60A0
:10731000136803F00F03072B04D9136823F00F033E
:10732000DB1D13601B4C1D4A18341D4B261D371DD9
:107330002060184C1B4D28343060261D3860371DE6
:1073400023603B1D35601C1D3A60251D2E1D1860F5
:10735000331D22602860326018600B680D4A0D4CA6
:1073600023F48023D4320B60603420601068C004A2
:107370000BD4136843F2D2000B4943F480531360DB
:107380000860106820F480501060F0BD88ED00E0C7
:1073900000200052004402587FEDF6EA800201010D
:1073A000000202020000FF01004000520148FDF708
:1073B00080BF0000F40400242DE9F0472C4B4FF06F
:1073C000804A2C4D026898422B4E2C4F2C4C09D0F1
:1073D000504507D0A84205D0B04203D0B84201D0F2
:1073E000A04205D1D1F804C022F070024CEA02029A
:1073F000DFF890C0DFF890809842DFF8909015D0C9
:10740000504513D0A84211D0B0420FD0B8420DD091
:10741000A0420BD0604509D0404507D0484505D073
:107420001B4DA84202D01B4DA84203D1CD6822F4C7
:1074300040722A438E684D6922F08002C6620E684F
:107440002A439842866207D0A04205D0604503D007
:10745000404501D0484501D1096901630368012114
:1074600043F00403036041610260BDE8F08700005F
:10747000000001400004004000080040000C0040F3
:107480000004014000400140004401400048014028
:1074900000E0004000E4004010B5046A012301F060
:1074A0001F018B409C4304628A40016A11430162C0
:1074B00010BD00002DE9F04FDFF88480214EDFF889
:1074C0008890DFF888B0026A036AB042DFF880A0D3
:1074D00022F0020C1F4F23F001020262426885690C
:1074E0008B680C6805EA080525F0030543EA0C03E0
:1074F00044EA050407D0484505D0584503D0504517
:1075000001D0B84205D1CD6823F008031D4325F012
:107510000403B04207D0484505D0584503D0504534
:1075200001D0B84205D122F44076D1E90552354365
:107530002A4342608461496841630362BDE8F08F79
:107540008FFFFEFF000001400004014000400140A9
:107550000044014000480140F0B5DFF87CE01F4CDA
:107560001F4D026A036AA04222F0200623F0100396
:10757000036242688369D1F808C00F6803EA0E030A
:1075800023F4407E46EA0C134EEA072601D0A842B7
:1075900006D1CF6823F0800343EA071323F04003AA
:1075A000A0420AD0A84208D00E4CA04205D00E4CF2
:1075B000A04202D00D4CA04207D1D1E9054522F4EA
:1075C000406242EA840242EA85024260866149687A
:1075D00081630362F0BD0000FF8FFFFE00000140E9
:1075E00000040140004001400044014000480140C7
:1075F000F0B5DFF87CE01F4D1F4E026A036AA84217
:1076000022F4007723F4807303624368C269D1F8DF
:1076100008C002EA0E020C6822F0030E47EA0C22B0
:1076200044EA0E0401D0B04206D1CF6822F40062D1
:1076300042EA072222F48062A8420AD0B04208D06F
:107640000E4DA84205D00E4DA84202D00D4DA842C5
:1076500007D1D1E9055623F4405343EA051343EA21
:1076600006134360C4614968C1630262F0BD000053
:107670008FFFFEFF00000140000401400040014078
:107680000044014000480140F0B5046A026A22F457
:10769000805202624268C36924F40054DFF848C093
:1076A0008E680D6803EA0C03104F23F4407344EA1C
:1076B0000634B84243EA05230BD00D4DA84208D04A
:1076C0000C4DA84205D00C4DA84202D00B4DA8424B
:1076D00004D14D6922F4804242EA85124260C361BE
:1076E000496801640462F0BDFF8FFFFE00000140A5
:1076F00000040140004001400044014000480140B6
:10770000F0B5164F164B026A046A984222F400350F
:1077100024F4803303624268436D0E890C6803EAE7
:10772000070344EA030445EA06430BD00D4DA84283
:1077300008D00D4DA84205D00C4DA84202D00C4DEA
:10774000A84204D14D6922F4803242EA0522426007
:107750004465496881650362F0BD00008FFFFEFF4C
:10776000000001400004014000400140004401408D
:1077700000480140F0B5164F164B026A046A984261
:1077800024F48013036222F400144268436D0E89CE
:107790000D6803EA070344EA065443EA05230BD0C5
:1077A0000D4DA84208D00D4DA84205D00C4DA84261
:1077B00002D00C4DA84204D14D6922F4802242EA45
:1077C0008522426043654968C1650462F0BD0000DE
:1077D000FF8FFFFE00000140000401400040014017
:1077E000004401400048014030B5416EB9B1016824
:1077F0000D4B03F108048A688968C2F34262490F9D
:107800005D5C615C2D01B5FBF1F1A0F86A10995C3B
:10781000A25C0901B1FBF2F1A0F8681030BD0121B2
:10782000A0F86A10F8E70000DC94000890F828102F
:10783000090706D50168836B4A6822F400421A439F
:107840004A6090F82810C90706D00168C36A4A68E0
:1078500022F400321A434A6090F82810890706D5AE
:107860000168036B4A6822F480321A434A6090F838
:107870002810490706D50168436B4A6822F4802224
:107880001A434A6090F82810C90606D50168C36BF0
:107890008A6822F480521A438A6090F82810890678
:1078A00006D50168036C8A6822F400521A438A6084
:1078B00090F82810490611D50168436C4A6822F4F3
:1078C00080121A434A60416CB1F5801F06D10168ED
:1078D000836C4A6822F4C0021A434A6090F8281068
:1078E000090606D50168C26C486820F400201043E0
:1078F000486070472DE9F84300250446C0F89050D1
:10790000FBF732FD8046206820266FF07E47006836
:10791000000713D50022434631042046009700F0AB
:1079200043FB58B1216851E8000F20F0800041E886
:107930000002002AF6D1C4F8886021E020680068BF
:10794000400722D5002243464FF48001204600978D
:1079500000F02AFBC8B1206850E8001F21F49071A4
:1079600040E80012002AF6D12068083050E8001FD5
:1079700021F0010140E80012002AF5D1C4F88C6022
:10798000032084F88450BDE8F883C4F88860C4F804
:107990008C60E5662567002084F88450F3E710B515
:1079A000806B0021A0F85E10FEF747F810BD70B59F
:1079B000846B00252168D4F88800D4F88C6089682D
:1079C000090606D5212804D1A4F85650204600F017
:1079D00091F820688068400606D5222E04D1A4F8CC
:1079E0005E50204600F05CF8D4F8900040F01000A3
:1079F000C4F890002046FEF720F870BD10B5C169AC
:107A00000022806BB1F5807F2DD0A0F85E20036846
:107A100053E8001F21F4807143E80014002CF6D1D4
:107A20000168083151E8003F23F0010341E80034C8
:107A3000002CF5D10168083151E8003F23F04003E4
:107A400041E80034002CF5D12021C0F88C10C16E23
:107A5000012908D1016851E8003F23F0100341E8F3
:107A60000034002CF6D10267C16E012902D0FEF766
:107A700067FA10BDB0F85C10FDF7C2FE10BD10B57E
:107A8000806B01210167C16E012902D0FEF759FA0E
:107A900010BDB0F85C104908FDF7B2FE10BD000043
:107AA00010B5026852E8001F21F4907142E80013FB
:107AB000002BF6D10E4B0268083252E8001F194025
:107AC00042E80014002CF6D1C16E012908D10268E9
:107AD00052E8001F21F0100142E80013002BF6D1FC
:107AE00000212022C0F88C20C166416710BD000033
:107AF000FEFFFFEF026852E8001F21F0C00142E8DC
:107B00000013002BF6D10168083151E8002F22F450
:107B1000000241E80023002BF5D12021C0F8881095
:107B2000704700002DE9F04304468068E24E87B0BC
:107B3000E24B2168D4E90427D4F81CC010430A683A
:107B4000002547EA0C073843324002430A602068A8
:107B5000E268416821F44051114341602268A16903
:107B60009A4201D0206A01439668DFF854C3D54F8A
:107B7000D54806EA0C060E4396602168666ACA6A12
:107B800022F00F023243CA622268BA420ED1006864
:107B900000F0380018286FD07ADCB8B308286CD011
:107BA00010286BD18BE0282868D18EE0C7498A4223
:107BB00009D1006800F0070006285FD2DFE800F076
:107BC000507D7F818385C2498A4209D1006800F0D7
:107BD000070006287BD2DFE800F0437072747678E5
:107BE000BC498A4209D1006800F0070006286ED21D
:107BF000DFE800F036636567696BB7498A420BD1ED
:107C0000006800F00700062861D200E043E0DFE8EA
:107C100000F0275456585A5CB0498A4206D1006891
:107C200000F0380018284CD0B7DD31E0AC498A426A
:107C300009D1006800F00700062848D2DFE800F00C
:107C4000103D3F414345A7498A420BD1006800F0EF
:107C5000070006283BD2DFE800F003303234363824
:107C6000002035E0A0498A4209D1006800F03800C0
:107C7000182826D091DD0BE023E01EE027E09B4989
:107C80008A420AD1006800F03800182819D084DD33
:107C9000202888D11CE001201AE09A4217D18A4896
:107CA000001D006800F00700062810D2DFE800F091
:107CB000030507090B0D02200AE0042008E0082054
:107CC00006E0102004E0202002E0402000E08020B8
:107CD0008749DFF820829A42874A4FF400434FEAEF
:107CE00021174FF000064ED110281AD006DC0228CA
:107CF00009D004280BD008287ED10DE020283ED0E2
:107D0000402879D13DE0FBF729FC014610E06846A8
:107D1000FBF736FC01990BE003A8FBF7D3FC0499B1
:107D200006E01068800605D51068C0F3C100C140A8
:107D3000002970D0606A676838F8102007EB4703A5
:107D4000B1FBF2F0834257D8B0EB073F54D8002381
:107D500008461946F8F72EFB02467808130E120261
:107D600043EA012110183A4671410023F8F722FB3B
:107D7000624AA0F5407191423ED821688FE03946B1
:107D8000D8E71946D6E7D4F81CC04FF6EF799C45E2
:107D900046D1082819D005DC58B101280CD0042898
:107DA00075D10DE0102815D0202835D040286ED18F
:107DB00034E0FCF745FB01E0FCF754FB014610E022
:107DC0006846FBF7DDFB01990BE003A8FBF77AFCA3
:107DD000049906E01068800604D51068C0F3C1005D
:107DE000C140C1B1636A606838F81330B1FBF3F188
:107DF000490001EB500100E049E0B1FBF0F0A0F1D7
:107E00001001494543D84FF6F0732168C0F3420290
:107E10001840104343E043E03946E3E71946E1E701
:107E2000082819D005DC58B101280CD004282ED11F
:107E30000DE0102815D020282BD0402827D12AE08B
:107E4000FCF7FEFA01E0FCF70DFB014610E0684686
:107E5000FBF796FB01990BE003A8FBF733FC0499B1
:107E600006E01068800604D51068C0F3C100C14068
:107E7000B1B1636A606838F81330B1FBF3F101EB1C
:107E80005001B1FBF0F0A0F11001494505D90125E1
:107E900006E03946EDE71946EBE7216880B2C86095
:107EA0000120A4F86A00A4F8680028466667A6675F
:107EB00007B0BDE8F0830000F369FFCF000C005865
:107EC000FFF4FF11001001405444025800440040E8
:107ED00000480040004C00400050004000140140A9
:107EE00000780040007C004000180140001C014068
:107EF0000090D003C494000800440258FFFC0F0017
:107F000070B50446D0F8800000232225A165A4F8AE
:107F10005C20C4F89030C4F88C50F0B11F49C163A4
:107F2000D4F880101E480864D4F880101D48C86436
:107F3000D4F8800003651346A56D2168D4F880004D
:107F40002A462431FAF744FA38B11021C4F89010C7
:107F50002020C4F88C00012070BD206940B1216848
:107F600051E8000F40F4807041E80002002AF6D189
:107F70002068083050E8001F41F0010140E800127D
:107F8000002AF5D12068083050E8001F41F0400178
:107F900040E80012002AF5D1002070BDFD790008EC
:107FA0007F7A0008AF7900082DE9F0479946174617
:107FB0000D460446089E4FF0000833E0701C31D097
:107FC000FBF7D2F9A0EB0900B04218D8BEB1206887
:107FD0000168490726D5802D24D0402D22D0C169C3
:107FE000C94309070DD4082505622046FFF758FD4F
:107FF000C4F89050012084F88480BDE8F087032005
:10800000FBE7C069C04300050CD421684FF4006051
:1080100008622046FFF744FD2021C4F8901084F840
:108020008480ECE72068C06935EA000004D00020B5
:10803000B842C3D00020E0E70120F9E70148FDF78E
:10804000FDBC00007003002401EE100A70EEC00AAF
:108050000120B8EEC11A8840401E21EE201A00EE21
:10806000900AF8EEE01AC1EE210A30EE800A70475D
:1080700010B52DED048BF0EE608ADFED0D0A30EEC9
:10808000208AB0EE480A00F099FADFED0A0A20EEE5
:10809000209A38EE280A00F091FAF0EE400A9FED9F
:1080A000061AB0EE490A00EE810ABDEC048B10BD41
:1080B0008716C93F115F3140F9FE3540FEE74100A8
:1080C000080218BF04200A0E18BF40F001004FF04C
:1080D0007F4232EA010108BF40F00200012808BFD8
:1080E00005207047090700284FEA116104DB00F101
:1080F000E02080F80014704700F00F0000F1E0204D
:1081000080F8141D7047000010B510EE104A4FF0B3
:108110001A402DED028B00EB4400B0F1C85F4AD845
:108120004FF0FC40B0EB440F22D2B0EEC00ADFEDBE
:10813000310A30EEC00ADFED300A20EE208A18EE58
:10814000100A01F078F800EE100A14F0004F1DBF7D
:108150009FED2A1ADFED2A0AB1EE400A9FED291A97
:1081600008BFF0EE410ADFED281A20EE210A05E0F3
:1081700020EE008A9FED251ADFED250ADFED251A96
:108180009FED252A70EEC00A20EE080A08EE212A8B
:10819000DFED221A48EE021A9FED212A08EE212A6D
:1081A000DFED201A48EE021ABDEC028B40EE610AA8
:1081B00030EE810A10BD4FF0CC40B0EB440F82BFCF
:1081C0009FED190ABDEC028B10BD4FF07F40B0EB64
:1081D000440F05D2BDEC028BBDE8104000F04ABF51
:1081E0000120F8F7BFF9BDEC028BBDE8104000F0AC
:1081F00047BF00000000803F0000003F00004940F2
:1082000022AA7D3A00000000000000C00000C93F23
:1082100022AAFD3924FE1C3DC78AD83C1E67383D82
:108220001B93993DAFAA2A3EDB0FC93F10B54FF013
:108230000E402DED028BB0EE408A18EE104A00EB96
:108240004400B0F1506F4AD84FF0FC40B0EB440FFF
:1082500022D2B0EEC80ADFED360A30EEC00ADFEDFA
:10826000350A60EE208A18EE900A00F0E4FF01EE75
:10827000100A14F0004F1DBFDFED2F0A9FED2F0AEB
:10828000B1EE411ADFED2E0A08BF9FED2E0ADFED99
:108290002E1A21EE218A05E0DFED2C0A68EE088A0D
:1082A000B0EE600A9FED2A1ADFED2A1A30EE080AB6
:1082B00048EE811A9FED281A08EEA11ADFED271A61
:1082C00048EE811A9FED261A08EEA11A68EE281AC8
:1082D000BDEC028B01EE810A30EE200A10BD4FF09A
:1082E000E440B0EB440F0CD918EE100AFFF7E7FE9C
:1082F000042808BF00F0D4FEB0EE480ABDEC028BA3
:1083000010BD4FF07F40B0EB440F07D2B0EE480AEB
:10831000BDEC028BBDE8104000F0ACBE0120F8F7C8
:1083200021F9BDEC028BBDE8104000F0A9BE0000B1
:108330000000803F0000003F0000C9BF22AAFDB935
:108340000000C93F22AAFD39000000C00000000063
:1083500024FE1C3DC78AD83C1E67383D1B93993DBF
:10836000AFAA2A3E10EE100A10B510EE901A4FF088
:10837000684202EB40032DED028BB3F1654F3CBF29
:1083800002EB4102B2F1654F7CD200BFC0F3C7538C
:10839000C1F3C7529A1A1B2A09DD10F0004F14BF0F
:1083A0009FED6E0A9FED6E0ABDEC028B10BD12F1BF
:1083B0001A0F1BDA11F0004F09D010F0004F0CBF5C
:1083C0009FED680A9FED680ABDEC028B10BD80EE40
:1083D000208A18EE100AFFF772FE042808BF00F08A
:1083E0005FFEB0EE480ABDEC028B10BD4200B2EB5E
:1083F000410F37D910F0004F19BFDFED5C1A9FED28
:108400005C1ADFED5C1A9FED5C1AB0EE602A0A463A
:10841000F1EE400A80F00041B0EE420A10460A1A1E
:108420005200B2F1807F34D2484010F0004FDFEDAF
:10843000532A9FED533A1DBF9FED522A71EEE21A67
:1084400031EE431A9FED502A04BF71EEA21A31EEAD
:10845000031AF0EE402A42EE602A40EE020A82EE53
:10846000A02A18E011F0004F04BF9FED481AF0EE6B
:10847000411AD4D010F0004F1CBFDFED451A9FED1C
:10848000451A00E026E004BFDFED431A9FED431AD2
:10849000C5E780EE202A22EE020ADFED410ADFED79
:1084A000412ABDEC028B40EE202ADFED3F0A40EE70
:1084B000220ADFED3E2A40EE202ADFED3D0A40EEA3
:1084C000220A22EE000A00EE201A31EE020A30EEF5
:1084D000210A10BD4FF07F42B2EB400F28BFB2EB34
:1084E000410F05D2BDEC028BBDE8104000F0C5BDC8
:1084F00040EA01035B0008BF41F0FF410BD0B2EB43
:10850000400F08BFB2EB410F08D120F0804000EED1
:10851000100A21F0804100EE901A37E7B2EB400FCD
:1085200012BF5FEA410240F0FF4001F000413FF41A
:108530002DAF4A0092EA40033FF528AF002AACBFB6
:108540009FED1C1A9FED1C1A20EE010A60EE810AB5
:1085500010EE100A10EE901A18E70000DB0FC9BFEA
:10856000DB0FC93FDB0F4940DB0F49C00000C9BF2B
:1085700022AAFDB90000C93F22AAFD390060ED3EE4
:10858000C30ACE37000000BF0000003F000000001B
:10859000000049C022AA7DBA0000494022AA7D3AC3
:1085A0002DAD65BD8FB8D53D0FB511BE61C84C3E30
:1085B000A8AAAABE0000804F0000802F10EE101A5B
:1085C00008B5434A6846B2EB410F26D94FF0E64062
:1085D000B0EB410F94BF00204FF0FF3000900098A7
:1085E000DFED3C0A002860DB10F0010F46D060EEA2
:1085F000000ADFED391A9FED391A10F0020F00EE74
:10860000E11ADFED371A40EE811A21EEA01AF0EEE2
:10861000400A40EE010A2ED041E0324B21F00042E8
:1086200093423FD911F0004FDFED2F0A20EE201AC0
:10863000DFED2E0A19BF31EE601A71EE200A31EE1D
:10864000201A71EE600ABDEEE01A11EE100A9FEDDD
:10865000281A00F0030000EEC10A9FED261A0090D0
:1086600000EEC10A9FED241A00EEC10A9FED231A05
:1086700000EEC10AB3E7F1EE600A10E020EE000A56
:108680009FED1F1ADFED1F1A10F0020F40EE011AC6
:108690009FED1D1A00EE211A40EE010AEBD1B0EE5B
:1086A000600A08BD00F004FD99E710EE100A4000D2
:1086B000B0F17F4FF3D307D14FF00100F7F752FF2E
:1086C000BDE8084000F0DCBCBDE8084000F0D2BCCA
:1086D000B61F927E0000803F336D4C39DA82083C31
:1086E000A0AA2ABE490E494683F9223F0000004B4A
:1086F0000000C93F00A0FD390020A2331A61342CCC
:10870000B93AB2BACA9F2A3DDDFFFFBE10EE100A89
:10871000C0F3C7517F391729A8BF7047DFED150A8D
:108720009FED151A002970EE200A0DDAB4EEE01A5A
:10873000F1EE10FA1AD20028A8BF002016DAB0F124
:10874000004F18BF0D4811E00D4ACA40104208BF43
:108750007047B4EEE01AF1EE10FA07D2002804DAFE
:108760004FF4000323FA01F10844904300EE100A8D
:1087700070470000CAF2497100000000000080BF8D
:10878000FFFF7F0010B52DED028BF0EE408A18EE52
:10879000900AB0EE608A20F00040C0F1FF40C00FA8
:1087A00007D118EE100A20F00040C0F1FF40C00FC2
:1087B0002BD018EE101A18EE900A00F0D7FD00EE3C
:1087C000100A10EE100A6FEAD05010F0FF0F04BF2D
:1087D000BDEC028B10BD18EE900A00F0004110EEC7
:1087E000100A00F00040814204BFBDEC028B10BDB6
:1087F00018EE101A10EE100ABDEC028B61F31E0089
:1088000000EE900A30EE600A10BD18EE900A4FF0AC
:108810007F41B1EB400F1CBF18EE100A5FEA400029
:10882000C7D10120F7F79EFEBDEC028BBDE81040DA
:1088300000F026BC10B52DED088B9FEDFE1A10EE52
:10884000100A10EE901AB0EE418A0022A0F5000C3A
:108850004FF00073DFEDF89ABCF1FE4F4FF07F440C
:1088600003EB410C80F0A481BCF1804FC0F0188272
:10887000F24901449FEDF23A9FEDF2AAB1F5005F93
:1088800040F2CA8200F58021CB0C03F00F0100EE0C
:10889000101AC3F307137F3BA0EBC350B8EEC02AF6
:1088A00001EE900A1A44DFEDE82AB0EE410A02EE2A
:1088B000220AF0EE403A31EEA30A31EEE32A10EE3E
:1088C000100A00F500606FF30B0002EE900A73EEE1
:1088D000E23A73EEA13AC1EE001A22EE210A10EE3E
:1088E000100A00F500606FF30B0000EE100A00EEB6
:1088F000622A00EE632A62EE212A70EE221A21EE2D
:10890000A12ADFEDD23A02EE233A23EE023A20EE1C
:10891000012A22EE811A03EE211A32EE010A10EE2C
:10892000100A00F500606FF30B0000EE100A72EE03
:10893000401A31EE812A9FEDC61A60EE011A9FEDB2
:10894000C51A20EE011A9FEDC40A02EE001A31EE9C
:10895000810A10EE100A00F500606FF30B0000EEC4
:10896000100ABE4871EEC01A31EE812A784400EB3D
:10897000C10090ED003AD0ED011A100101EE100A8D
:10898000F8EEC12A32EE211A31EE001A31EE031A46
:1089900031EE221A11EE100A00F500606FF30B00A1
:1089A00008EE900A38EEE21A31EE431A31EE400A30
:1089B00030EE610A72EE40AA10EE900A002100F536
:1089C00000606FF30B0009EE100A084630EEC9BADA
:1089D0004FF0000028EE890A00F00C01F0EEC00A0A
:1089E00010EE900AB0F18B4F0FDD10EE900AB4EB51
:1089F000400F0AD310EE100A4FF08B42B0EE699A86
:108A000062F31E0008EE900A13E068EE8B0A39EE5E
:108A10000B1A4AEE810A30EE201A11EE100A00F508
:108A200000606FF30B0008EE900A30EE680A30EE3B
:108A3000209A0C204FF0000038EE890AB4EEE90AC3
:108A4000F1EE10FA38BF9FED86AA3AEE000ABDEEAD
:108A5000C00A10EE100A011100EE101AF8EEC00A5A
:108A600000EE100AB8EEC00A38EEC00A30EE090A6D
:108A7000DFED7C1A9FED7C1A00EE211ADFED7B1AE8
:108A80007B4900F00F0040EE011A21EE800A794484
:108A900001EB800191ED001A7649794401EB8001E8
:108AA000D1ED001A744901EE801A794401EB80007F
:108AB000724990ED000A31EE001AB0EEE00A10EEB5
:108AC000100A884215DA10EE100AB4EB400F10D3EA
:108AD0009FED6B0A30EE800ADFED6A0A20EE200A75
:108AE00068EE010ABDEC088BBCEEC00A20EE200A3D
:108AF00010BD10EE100A6449884233DA10EE100AF5
:108B0000B4EB400F2ED3BDEEE00A68EE010A10EE82
:108B1000100A00EBD0725110C90501F17E5100EE30
:108B2000101AA0EB6200C00560EE200A00F17E5032
:108B300000EE100A60EE808A18EE900AB4EB400F47
:108B400025D018EE900A400011D018EE900AFFF7D9
:108B5000B6FA042808BF00F0A3FAB0EE680ABDEC2C
:108B6000088B10BDF4EEE90AF1EE10FA0FD20220E4
:108B7000F7F7F8FC00F094FA18EE100A10EE101A4D
:108B8000BDEC088B61F31E0000EE100A10BD022040
:108B9000F7F7E8FC00F07CFA18EE100A10EE101A55
:108BA000BDEC088B61F31E0000EE100A10BD00BF83
:108BB000BCF1804F74D300BF00F1FF43B3F1FE4F0F
:108BC00024D200BFB0EEC00A10EE100AC1F3C753A2
:108BD0007F2B0DDB972BBFF64BAEC3F196034FF007
:108BE000010C0CFA03F3A3F1010C1CEA010F08D0ED
:108BF0000120F7F7B7FCBDEC088BBDE8104000F092
:108C00003FBA0B4218BF9FED218A31E643001CBFDB
:108C10004FF08073B3EB400F3CD96FF01A02DFEDD9
:108C20001C1A20EE210A10EE100A10F0004FC9D1D4
:108C30001EE635E00000803F00000000001080C00C
:108C4000ABAAAA3E0000003F0000803D7EE24C3E01
:108C500000B03842D49AB8BB3BAA38428C0B000013
:108C6000000000BFFC596337C9FF753A1872313DE7
:108C70002A0B00005E0B0000CE0A00000000FC4240
:108C80000000FE420000004B00004043000080BF97
:108C90000000004DA0F50003B3F1FE4F21D2E7E53F
:108CA00003EB4103B3F1007F11D3F4EE690AF1EE57
:108CB00010FA05D1430018BFB4EB400F76D87BE71C
:108CC00001F0004141F0FC5100EE901A74E7B3F15D
:108CD000807F06D210EE903AA3F5000300EE903AA2
:108CE0006AE720F000426FF0FF4C604C02EB0C038F
:108CF000A34210D321F000439C44A4450BD3B0F110
:108D00007E5F18BF5FEA410C50D0B2F1FF4F98BFB1
:108D1000B3F1FF4F05D9BDEC088BBDE8104000F062
:108D2000ACB9B0F1FF4F0FD0C1F3C7527F2A09DBB6
:108D3000972A11DAC2F19602012303FA02F2531EB6
:108D40000B4205D0002208E011F0004F55D128E079
:108D50000A4218BF012200D1022210F5000F13D0E1
:108D600028B3B0F1004F26D010F1814F4FD04FF013
:108D7000FE42B2EB400F94BF01200020012202EB23
:108D8000E171884239D10CE011F0004F02D0012A84
:108D900038D032E0012A02BF9FED350ABDEC088BC6
:108DA00010BD9FED340ABDEC088B10BD2FE011F013
:108DB000004F0CD121E0B1F1FF4F1ED011F5000F93
:108DC00005D011F0004F15D00AB1012A08D00220B9
:108DD000F7F7C8FBBDEC088BBDE8104000F03EB9CA
:108DE0000220F7F7BFFB00F039F9BDEC088BB1EEBC
:108DF000400A10BD0AB1012A04D0B0EE690ABDECE8
:108E0000088B10BDBDEC088B9FED1B0A10BDBDEC9F
:108E1000088BB0EE410A10BD30EE410A9FED171AE3
:108E20009FED182A00EE413AB0EE4A1A60EE001AA1
:108E300000EE431A61EEC11A9FED111A20EE011ADD
:108E400020EE020A9FED102A01EE820A71EE001A4E
:108E500011EE900A00F500606FF30B0008EE900A27
:108E600031EE681A71EE00AAA6E50000FFFF3F0090
:108E7000000080FF0000807F000000800000803E36
:108E800000B0B841D49A38BB3BAAB84100B510EE47
:108E9000101A2DED028B81B0524A6846B2EB410F99
:108EA0002ED94FF0E640B0EB410F94BF00204FF0B9
:108EB000FF3000900098B0EE408A00286ADB10F086
:108EC000010F4BD068EE080A9FED471A9FED470A45
:108ED00000EE810A9FED461A00EE801A9FED450ACA
:108EE00010F0020F00EE810A02BF01B0BDEC028B50
:108EF00000BD00BF01B0B1EE400ABDEC028B00BD69
:108F00003D4B21F00042934241D911F0004FDFED7B
:108F10003B0A20EE201ADFED3A0A19BF31EE601A43
:108F200071EE200A31EE201A71EE600ABDEEE01AF1
:108F300011EE100A9FED331A00F0030000EEC10A93
:108F40009FED311A009000EEC10A9FED301A00EE3D
:108F5000C10A9FED2F1A00EEC10AABE728EE080AFE
:108F60009FED2C1ADFED2C0A10F0020F40EE410AA3
:108F70009FED2A1A00EE201A61EE000AB0EE480AB0
:108F800008EE200AB6D101B0BDEC028B00BD00F0A6
:108F90008FF88FE718EE100A4000B0F17F4F0DD226
:108FA00018EE100AFFF78BF8042808BF00F078F8D5
:108FB000B0EE480A01B0BDEC028B00BD09D1012022
:108FC000F7F7D0FA01B0BDEC028B5DF804EB00F0CE
:108FD00057B801B0B0EE480ABDEC028B5DF804EB67
:108FE00000F048B8B61F927EB93AB2BACA9F2A3D7D
:108FF000DDFFFFBE0000803F490E494683F9223F56
:109000000000004B0000C93F00A0FD390020A23342
:109010001A61342C336D4C39DA82083CA0AA2ABE7E
:1090200010B52DED028BB1EEC08A18EE100A20F0BB
:109030000040C0F1FF40C00F0AD010EE100A20F02F
:109040000040C0F1FF40C00F04BF0120F7F78AFACB
:10905000B0EE480ABDEC028B10BD0000DFED030A44
:109060009FED031A80EE810A704700000000803FE8
:109070000000000030EE000A704730EE200A704712
:10908000DFED020A80EEA00A704700000000000039
:109090009FED020A20EE000A7047000000000070F9
:1090A0009FED020A20EE000A704700000000001049
:1090B0002DE9F0014FF07F42B2EB410F9FBF4FF01F
:1090C000FF310160BDE8F00170474FF0004242EA15
:1090D0000123C1F3C752783A551112F01F0C434CCB
:1090E000CCF120067C44C1F3C752A2F178024FEACA
:1090F000621204EB820254F8254008BFD2E90156FF
:1091000012D0556804FA0CF425FA06F73C43976828
:1091100005FA0CF527FA06F8D26807FA0CFCF240BB
:1091200045EA08054CEA0206A4FB034CA5FB0352E2
:10913000A6FB03631D449D4234BF0126002613197C
:10914000334416B1934202D903E0934201D2012283
:1091500000E00022624402F1200C9206DC0C42EA9C
:10916000443200EE102A5B03DFED210AF8EEC01A4C
:1091700000EE103A4FEA9C1C11F0004FB8EE400A86
:10918000C0F800C020EE201A00EE105ADFED190AD8
:10919000B8EE400A20EE200A71EE810A70EE800AD5
:1091A00010EE902A02F500626FF30B0200EE902A97
:1091B00070EEE11A31EEC11ADFED101A30EE411AED
:1091C0009FED0D0A20EE800A01EE210A9FED0C1A98
:1091D00000EE810A04BFBDE8F0017047CCF1805178
:1091E0000160BDE8F001B1EE400A7047540500008F
:1091F000000000360000802C22AAFD29DB0FC92FB9
:109200000000C92FFAF7BEF8FEF712F8FDF7EAFAE8
:10921000FDF74AFAFDF776FAFDF770FBFDF702FC61
:10922000FDF7C6FBFDF7A4FAFDF73CFBFDF70CFECE
:10923000FDF7A8FDFCE710B500EE100A2DED028B3E
:10924000B1EEC08A18EE100A20F00040C0F1FF40D5
:10925000C00F0AD010EE100A20F00040C0F1FF400D
:10926000C00F04BF0120F7F77DF918EE100ABDEC1E
:10927000028B10BD4FF07E5209E011F0004204D580
:109280004042C1F1000138BF491E42F07E520B003E
:1092900002F1706212BF20235FEA00017047B1FA49
:1092A00081FCA3EB0C0301FA0CF120FA03FC02EBA6
:1092B000C352C3F1200341EA0C0110FA03FC5CEA3B
:1092C000416C42EB112018BF5FF0806C28BF20F08A
:1092D000010070470EF1020E2EF0030E5EF8044BF3
:1092E000244204D44FEA4102B2F17F4F11D84FEA31
:1092F0004003B3F17F4F0CD80ED14FEAD07CB2F1CE
:109300007F4F0CEB4C0C0CF1020C08BF4CEBD17CEA
:1093100004E04FF0080C01E04FEAD17C0CEB4C0369
:1093200024FA03F404F00704B4F1040C06D20EEBA3
:10933000840CBDE810404CF0010C6047DFE80CF0F5
:10934000070802024FF00040A0F5800010BD08465B
:10935000420018BFD2F1807288BF00F0004010BDFB
:109360004FF04070E1EE100A704700004FF07F4C64
:109370003CEA410318BF3CEA400200F062804FF42F
:109380007F0C10F0004F0CEAD11318BF43F0050317
:109390001CEAD01218BF13EA0C0F00F057804FF0F0
:1093A000004C4CEA00204CEA0121A3F580339A429C
:1093B00010DDB0F1004F23F0020306D3401A43F052
:1093C0000203BCBF404283F001034FEA4000A2F514
:1093D0008032ECE74FEA224CBCEB234F08DB88429B
:1093E00006D31CD0A0EB4100C0F1000083F00103C4
:1093F00040001DD217D40DD0B0FA80FC0CF1010C46
:1094000000FA0CF0A2EB0C42D2F1000C12DB4FEA96
:10941000C37070474FEA437000F00040704713F08C
:10942000020FE5D0DEE7B2F580324FEA4000EBDD17
:10943000002AE9DD4FEAC21242EA502040EAC37036
:10944000704710B5FFF746FFEDFFFF3E1CEAD11F46
:1094500002D000F000407047004870470000C07F15
:109460000006101600061016000102030405060788
:10947000080C10141820304000000000000000000C
:1094800000000000000000000000000001000000DB
:1094900002000000030000000400000000000000C3
:1094A00005000000000000000000000000000000B7
:1094B00006000000000000000000000000000000A6
:1094C00007000000010002000400060008000A0076
:1094D0000C00100020004000800000010101010389
:1094E0000701000008040204080101010000000057
:1094F000010203040102030406070809000000003A
:10950000000000000000B33FB2BE7D3A00002E40D4
:10951000DFCF513800007E40BF51FABA00E0A440CE
:1095200019DAC3BA00E0C840C2ED8AB90040EB4086
:10953000CD1F2CBA001006412AFFFABA00C015410F
:10954000DFCFD13700D024419A97703A0050334191
:1095500089478E3600404141E75B9D3800B04E415F
:10956000C00A98B900A05B41558F943A0030684119
:10957000DA92C0BA0040744162B3C63A0000803F3C
:1095800000A0853F00908B3F00C0913F0030983F86
:1095900000F09E3F00F0A53F0050AD3F0000B53FFA
:1095A0000000BD3F0060C53F0020CE3F0040D73FD8
:1095B00000C0E03F00C0EA3F0020F53F000000008F
:1095C0007D36AC397D3C3839EBDCF438320A7E39F3
:1095D000124C26399B6AED39A4EE83397F661E3919
:1095E000F6398A392B426539A48211395B991F39C2
:1095F000C3EECD39DDE7C637A5A22F390000803F85
:10960000C3AA853FC2958B3FD3C3913FF037983FA4
:1096100032F59E3FD7FEA53F3F58AD3FF304B53F1F
:10962000A408BD3F2A67C53F8C24CE3FFD44D73FE9
:10963000DFCCE03FC7C0EA3F7D25F53F00000000DA
:109640006E83F9A22915444ED15727FCC0DD34F5AD
:10965000999562DB4190433CAB6351FE7C960008D8
:109660000000002420000000080300089C96000869
:1096700020000024804900002403000800000000AE
:109680000100000010000000000000000090D00366
:0C9690000090D00300000000000000006B
:04000005080002CD20
:00000001FF
